customer_id,tenure_months,monthly_charge,support_tickets_90d,contract_type,autopay,premium_plan,churned
C100000,28,85.16,0,Month-to-month,0,0,0
C100001,23,92.25,1,Month-to-month,1,1,0
C100002,62,47.89,1,Month-to-month,0,0,0
C100003,46,58.21,1,Month-to-month,0,0,0
C100004,12,20.0,1,Month-to-month,0,0,0
C100005,39,61.91,4,Month-to-month,0,1,0
C100006,37,82.64,3,Month-to-month,0,1,0
C100007,67,104.16,2,Two year,1,1,0
C100008,58,95.03,0,One year,1,0,0
C100009,15,56.92,1,Two year,1,0,0
C100010,53,67.01,1,Month-to-month,1,0,0
C100011,11,100.12,1,Month-to-month,0,1,0
C100012,40,68.63,1,One year,1,0,0
C100013,66,71.53,1,Month-to-month,0,1,0
C100014,69,111.9,3,Month-to-month,0,1,1
C100015,4,98.25,1,Month-to-month,1,0,1
C100016,10,52.54,4,Month-to-month,1,0,0
C100017,30,62.98,1,One year,1,0,0
C100018,63,122.09,4,Month-to-month,1,1,0
C100019,70,87.25,3,One year,0,0,0
C100020,47,110.58,1,Two year,1,1,1
C100021,72,48.26,1,One year,1,0,0
C100022,15,90.42,0,Month-to-month,1,0,0
C100023,65,94.73,3,Month-to-month,0,1,1
C100024,55,109.81,2,One year,0,0,1
C100025,1,111.12,0,Two year,1,0,1
C100026,59,67.48,3,Two year,0,0,0
C100027,40,86.2,0,Month-to-month,0,1,1
C100028,35,72.2,3,Two year,1,1,0
C100029,39,95.11,0,Month-to-month,1,0,1
C100030,41,39.38,1,One year,0,0,0
C100031,56,27.43,2,Two year,0,0,0
C100032,37,85.41,0,Two year,0,0,0
C100033,62,77.73,0,Two year,0,1,0
C100034,64,85.09,1,Month-to-month,1,1,0
C100035,66,69.64,2,Two year,1,0,0
C100036,54,106.19,1,Month-to-month,0,0,0
C100037,48,91.35,3,Two year,1,0,0
C100038,31,65.72,1,Month-to-month,0,0,1
C100039,12,74.22,3,Month-to-month,1,0,0
C100040,36,30.49,2,Month-to-month,0,1,1
C100041,34,137.42,5,Month-to-month,1,1,0
C100042,61,71.13,1,One year,0,1,0
C100043,50,93.87,3,One year,1,1,0
C100044,11,84.98,1,Two year,1,1,0
C100045,6,77.26,2,Month-to-month,0,1,0
C100046,23,83.1,1,Two year,1,0,0
C100047,15,20.76,2,Month-to-month,0,0,1
C100048,42,95.15,2,Two year,0,1,0
C100049,9,64.85,3,One year,1,0,0
C100050,35,96.68,2,One year,0,1,0
C100051,20,94.18,1,Two year,1,1,0
C100052,71,75.54,1,Month-to-month,1,1,0
C100053,25,109.3,0,One year,1,0,1
C100054,50,127.21,1,Month-to-month,1,0,0
C100055,29,56.55,2,One year,1,0,0
C100056,60,64.06,1,Month-to-month,1,0,1
C100057,71,30.44,2,One year,1,0,0
C100058,21,75.87,1,One year,1,0,0
C100059,59,86.07,2,Two year,1,1,0
C100060,39,55.6,1,Month-to-month,0,1,0
C100061,58,71.97,0,Two year,1,1,0
C100062,2,130.88,2,Two year,0,0,0
C100063,33,86.48,3,One year,1,1,1
C100064,54,75.26,0,Month-to-month,1,0,0
C100065,59,87.93,3,Month-to-month,0,0,0
C100066,39,87.05,2,Two year,1,0,0
C100067,60,23.91,2,Month-to-month,1,1,0
C100068,51,73.58,3,Month-to-month,1,1,0
C100069,19,66.56,1,Month-to-month,1,1,1
C100070,22,110.98,2,Two year,1,0,0
C100071,18,69.99,2,Month-to-month,1,0,0
C100072,1,121.92,1,One year,1,1,0
C100073,55,100.68,1,Month-to-month,0,1,0
C100074,33,113.99,2,One year,0,1,0
C100075,51,58.52,1,Month-to-month,0,0,0
C100076,20,82.19,3,Month-to-month,1,1,0
C100077,20,128.26,2,Two year,1,1,1
C100078,33,38.45,0,One year,1,0,0
C100079,34,93.43,5,One year,0,1,1
C100080,42,107.53,3,Month-to-month,1,1,0
C100081,17,74.75,1,Month-to-month,1,0,0
C100082,32,85.41,2,Month-to-month,0,1,0
C100083,55,113.22,3,Month-to-month,1,0,1
C100084,12,122.11,1,Two year,1,1,0
C100085,16,37.01,2,Month-to-month,0,0,1
C100086,19,108.05,0,Two year,0,0,1
C100087,70,48.11,3,Month-to-month,1,1,0
C100088,8,95.21,3,Two year,0,1,0
C100089,69,35.82,2,Month-to-month,1,1,0
C100090,49,38.56,5,One year,1,0,0
C100091,39,137.96,3,Month-to-month,1,1,0
C100092,36,101.17,3,Two year,0,1,0
C100093,26,21.29,2,Month-to-month,1,0,0
C100094,47,50.16,0,One year,1,0,0
C100095,44,54.72,3,One year,0,0,0
C100096,39,66.87,3,One year,1,0,0
C100097,33,54.6,1,Month-to-month,1,1,1
C100098,72,40.57,0,One year,1,0,0
C100099,60,61.67,3,Month-to-month,1,1,0
C100100,54,72.74,1,Month-to-month,1,1,0
C100101,64,52.84,1,Month-to-month,0,0,0
C100102,66,101.45,1,One year,1,0,0
C100103,58,48.82,2,Month-to-month,1,0,0
C100104,4,91.05,3,Month-to-month,0,1,0
C100105,16,87.13,1,Month-to-month,0,1,1
C100106,62,64.23,2,One year,1,1,0
C100107,42,61.52,1,One year,1,1,0
C100108,26,103.18,1,One year,0,0,0
C100109,69,56.25,1,Two year,1,1,0
C100110,57,105.06,1,Month-to-month,1,1,0
C100111,21,77.9,2,Month-to-month,0,1,0
C100112,58,110.32,1,Month-to-month,1,1,0
C100113,72,37.36,1,Month-to-month,1,0,0
C100114,31,73.7,1,One year,1,1,0
C100115,70,59.25,1,One year,0,1,0
C100116,61,119.86,3,Month-to-month,1,0,1
C100117,61,82.61,0,Month-to-month,1,1,0
C100118,4,63.89,1,One year,1,1,0
C100119,13,48.48,2,Month-to-month,1,0,0
C100120,34,53.82,2,One year,0,1,0
C100121,20,88.89,1,Month-to-month,1,1,0
C100122,41,95.08,2,Two year,0,0,0
C100123,15,120.62,1,Month-to-month,0,1,0
C100124,50,78.71,0,Two year,1,0,0
C100125,60,25.67,2,Month-to-month,1,1,0
C100126,54,88.39,3,Month-to-month,0,0,0
C100127,38,90.91,0,Month-to-month,0,1,0
C100128,3,66.58,3,One year,0,0,0
C100129,15,93.76,4,Month-to-month,0,0,1
C100130,21,82.26,3,Month-to-month,1,0,0
C100131,40,92.9,1,Month-to-month,1,0,1
C100132,17,41.65,0,Month-to-month,1,0,0
C100133,36,89.29,3,One year,1,0,1
C100134,14,40.99,0,Month-to-month,0,0,0
C100135,25,51.21,2,Month-to-month,0,1,0
C100136,46,80.46,4,Two year,0,0,0
C100137,28,62.91,5,Month-to-month,0,1,1
C100138,52,63.06,1,One year,1,1,0
C100139,63,79.73,1,Month-to-month,0,1,0
C100140,11,77.38,3,Month-to-month,1,0,0
C100141,64,39.44,4,One year,1,0,1
C100142,21,71.39,1,Month-to-month,1,1,1
C100143,43,100.77,3,Two year,1,0,0
C100144,27,84.53,3,Month-to-month,1,1,0
C100145,48,131.28,0,Month-to-month,1,0,0
C100146,54,90.97,2,Month-to-month,0,1,0
C100147,72,118.59,2,Two year,1,0,0
C100148,19,43.68,2,Month-to-month,1,0,0
C100149,53,75.43,1,Month-to-month,0,1,0
C100150,37,48.69,3,Month-to-month,1,1,1
C100151,67,57.26,0,One year,0,0,0
C100152,16,122.84,3,Month-to-month,1,1,1
C100153,53,31.67,4,One year,0,1,0
C100154,59,102.6,1,One year,1,0,0
C100155,37,90.52,1,Month-to-month,1,0,1
C100156,32,95.22,1,One year,1,1,1
C100157,27,69.71,1,One year,0,0,0
C100158,43,114.46,1,One year,1,0,0
C100159,47,82.64,2,Month-to-month,1,1,0
C100160,28,93.14,1,Month-to-month,1,0,1
C100161,60,25.48,2,Month-to-month,1,0,0
C100162,29,47.95,1,Month-to-month,1,1,0
C100163,63,66.85,4,One year,1,0,0
C100164,61,92.42,3,Month-to-month,1,1,0
C100165,21,44.27,3,Two year,1,1,0
C100166,3,31.97,1,Month-to-month,0,0,0
C100167,28,78.95,0,Month-to-month,0,1,0
C100168,24,51.19,1,One year,0,0,1
C100169,29,83.12,2,Month-to-month,0,0,0
C100170,60,67.41,0,Month-to-month,0,0,1
C100171,58,91.56,0,Month-to-month,0,0,0
C100172,48,37.89,2,Month-to-month,1,0,0
C100173,62,61.08,3,Month-to-month,0,0,1
C100174,29,67.44,2,Two year,1,1,0
C100175,60,100.44,2,One year,1,1,0
C100176,20,62.82,5,Month-to-month,0,0,0
C100177,14,76.53,1,Two year,0,1,1
C100178,60,48.7,4,Month-to-month,0,1,0
C100179,12,90.01,1,Month-to-month,0,0,0
C100180,66,93.36,0,Month-to-month,1,0,0
C100181,41,73.18,1,Month-to-month,1,1,0
C100182,57,60.08,2,Month-to-month,1,0,0
C100183,19,60.87,0,One year,1,1,0
C100184,29,68.53,3,Month-to-month,1,1,0
C100185,6,90.37,1,Month-to-month,1,1,0
C100186,60,67.64,1,One year,1,0,0
C100187,67,106.88,0,One year,1,0,0
C100188,6,72.66,3,Month-to-month,0,0,1
C100189,7,47.34,2,Month-to-month,1,1,0
C100190,25,121.91,0,Month-to-month,1,0,0
C100191,31,58.84,1,Month-to-month,0,0,0
C100192,34,53.13,0,Month-to-month,0,0,0
C100193,61,66.46,0,Two year,0,0,0
C100194,2,107.21,2,Month-to-month,1,1,0
C100195,70,100.59,2,Two year,1,0,0
C100196,56,90.95,2,Month-to-month,1,0,1
C100197,14,87.63,1,One year,1,1,0
C100198,64,85.45,2,Month-to-month,1,0,0
C100199,21,84.54,1,Month-to-month,1,0,1
C100200,22,88.16,2,One year,0,1,1
C100201,40,67.04,2,One year,1,1,1
C100202,25,55.11,1,Month-to-month,1,0,0
C100203,12,96.24,1,Month-to-month,0,1,1
C100204,55,49.89,1,Month-to-month,1,0,1
C100205,65,76.77,2,Month-to-month,1,0,0
C100206,47,59.17,1,Month-to-month,0,0,0
C100207,42,55.68,0,Month-to-month,1,0,0
C100208,13,92.92,2,Two year,1,1,0
C100209,20,83.75,3,One year,1,1,0
C100210,49,108.17,1,Month-to-month,1,0,0
C100211,2,66.87,2,Month-to-month,0,0,0
C100212,27,89.87,1,Month-to-month,1,0,0
C100213,51,56.51,2,Month-to-month,1,1,0
C100214,72,84.18,2,Two year,1,0,0
C100215,34,46.74,1,One year,1,1,0
C100216,14,56.38,0,Month-to-month,1,1,0
C100217,28,87.23,3,One year,1,0,0
C100218,64,33.63,0,Month-to-month,0,1,0
C100219,51,107.21,2,Month-to-month,1,1,0
C100220,61,80.55,2,Month-to-month,0,1,0
C100221,23,64.82,1,Month-to-month,0,1,0
C100222,41,84.35,1,Two year,1,0,0
C100223,13,93.57,1,One year,0,1,1
C100224,62,127.29,1,One year,1,1,1
C100225,68,39.34,0,Month-to-month,1,1,0
C100226,15,60.82,0,One year,1,1,0
C100227,33,107.98,3,Month-to-month,0,0,1
C100228,28,71.92,1,Month-to-month,0,1,0
C100229,5,87.32,1,One year,1,0,0
C100230,28,26.09,1,One year,1,1,0
C100231,40,88.67,3,Month-to-month,0,0,0
C100232,44,75.57,2,One year,1,0,1
C100233,37,78.75,0,Month-to-month,1,1,0
C100234,30,82.12,2,Month-to-month,1,0,0
C100235,70,48.67,3,Two year,0,0,0
C100236,2,55.68,1,Month-to-month,1,0,0
C100237,37,111.76,5,Month-to-month,1,1,0
C100238,66,69.35,2,Month-to-month,1,0,0
C100239,54,128.18,0,Month-to-month,1,0,0
C100240,5,106.46,1,One year,1,1,0
C100241,46,79.98,1,Month-to-month,1,0,0
C100242,15,77.73,4,One year,1,1,0
C100243,24,73.75,0,Month-to-month,0,1,0
C100244,8,68.62,3,Two year,1,1,0
C100245,22,70.16,1,Two year,1,1,0
C100246,64,137.22,1,One year,1,0,0
C100247,30,74.77,5,Month-to-month,1,1,0
C100248,24,107.01,2,Month-to-month,1,0,0
C100249,68,67.13,2,One year,0,1,0
C100250,19,35.42,0,One year,1,0,0
C100251,8,59.07,0,Month-to-month,1,0,0
C100252,13,74.91,1,One year,1,1,1
C100253,62,72.84,2,Month-to-month,1,0,0
C100254,59,84.88,3,One year,1,1,0
C100255,59,69.72,1,One year,0,1,1
C100256,18,31.21,0,Month-to-month,1,0,0
C100257,51,93.48,1,Month-to-month,0,0,0
C100258,54,72.05,1,One year,0,1,0
C100259,51,69.32,3,Month-to-month,1,0,1
C100260,38,82.31,1,Month-to-month,1,0,0
C100261,16,97.91,2,Month-to-month,0,0,1
C100262,27,94.24,0,Month-to-month,1,1,0
C100263,69,79.96,2,One year,1,0,0
C100264,40,104.78,2,One year,1,0,0
C100265,32,93.65,2,One year,1,0,1
C100266,5,54.5,1,Month-to-month,0,1,0
C100267,25,63.28,0,Month-to-month,0,0,1
C100268,35,71.16,0,Month-to-month,0,0,0
C100269,55,124.66,0,Two year,1,1,0
C100270,59,80.49,1,Two year,1,0,0
C100271,58,48.39,1,Month-to-month,1,0,0
C100272,22,101.75,1,Month-to-month,0,1,0
C100273,17,62.11,1,Month-to-month,1,1,0
C100274,10,136.9,1,Month-to-month,1,1,0
C100275,66,86.8,2,Month-to-month,1,0,0
C100276,48,26.45,0,Month-to-month,1,0,0
C100277,25,71.66,1,Two year,1,1,0
C100278,27,72.48,2,Month-to-month,1,0,0
C100279,34,69.76,0,Month-to-month,1,0,1
C100280,45,99.83,0,Two year,1,0,0
C100281,14,90.74,0,One year,0,0,0
C100282,19,107.98,1,Month-to-month,0,1,0
C100283,32,91.59,4,One year,1,0,0
C100284,15,88.46,1,One year,0,1,0
C100285,53,45.71,2,One year,0,0,0
C100286,41,84.29,1,Two year,1,1,0
C100287,4,92.88,3,One year,1,1,0
C100288,18,88.67,0,Month-to-month,0,1,1
C100289,16,90.26,0,Two year,1,1,0
C100290,37,36.85,1,Two year,0,0,0
C100291,53,84.93,1,One year,0,0,1
C100292,2,65.95,1,Two year,1,0,0
C100293,25,92.37,1,Two year,1,1,0
C100294,40,104.84,1,One year,0,0,0
C100295,15,98.46,2,Month-to-month,1,0,1
C100296,28,71.56,0,One year,0,0,0
C100297,5,56.28,2,One year,0,0,0
C100298,10,77.84,0,Month-to-month,1,0,1
C100299,39,74.36,1,Month-to-month,0,0,0
C100300,27,100.56,0,One year,0,0,0
C100301,7,102.21,3,One year,1,0,0
C100302,30,95.87,3,One year,0,0,0
C100303,17,67.29,2,Month-to-month,0,1,1
C100304,47,101.22,1,One year,1,0,0
C100305,36,88.49,1,Month-to-month,1,1,0
C100306,43,37.95,1,Month-to-month,1,1,0
C100307,2,50.19,1,Two year,1,0,0
C100308,30,47.41,4,Month-to-month,0,1,0
C100309,27,61.89,0,Month-to-month,1,1,0
C100310,7,98.16,0,One year,1,1,0
C100311,2,111.02,5,One year,0,0,0
C100312,67,70.85,3,Month-to-month,0,0,0
C100313,31,75.64,2,Two year,1,0,1
C100314,26,63.31,3,Month-to-month,1,0,0
C100315,9,83.11,4,Month-to-month,1,0,1
C100316,26,61.51,3,Month-to-month,0,1,1
C100317,45,85.22,3,Month-to-month,0,1,1
C100318,52,109.35,2,Month-to-month,1,0,0
C100319,42,72.61,3,One year,0,0,0
C100320,66,67.28,2,Month-to-month,1,1,0
C100321,30,76.3,3,Month-to-month,1,0,0
C100322,27,68.1,2,Month-to-month,1,1,1
C100323,42,85.5,1,Two year,0,1,0
C100324,69,101.28,1,One year,0,0,0
C100325,23,48.79,2,One year,0,1,0
C100326,71,43.54,3,Month-to-month,1,1,1
C100327,11,60.03,1,Month-to-month,1,0,0
C100328,57,89.24,3,One year,1,1,0
C100329,46,92.55,2,One year,1,1,0
C100330,58,122.34,1,Two year,1,1,0
C100331,40,94.65,0,Two year,0,1,0
C100332,21,74.34,1,One year,1,1,0
C100333,59,48.94,1,Two year,0,1,0
C100334,27,78.65,2,Two year,0,0,1
C100335,11,82.59,1,One year,1,0,0
C100336,49,74.29,4,Month-to-month,1,0,0
C100337,4,71.32,0,One year,1,1,0
C100338,57,87.12,2,One year,1,1,0
C100339,45,82.07,0,Two year,0,0,1
C100340,42,118.21,4,Month-to-month,1,0,0
C100341,23,64.16,4,Two year,1,0,1
C100342,4,89.02,2,Month-to-month,1,0,0
C100343,45,69.28,1,One year,1,0,0
C100344,49,69.04,2,Two year,1,1,0
C100345,1,79.55,3,Two year,0,1,0
C100346,36,112.7,0,Month-to-month,0,0,1
C100347,46,101.13,2,Month-to-month,0,1,1
C100348,62,48.55,3,One year,0,0,0
C100349,10,84.42,4,Month-to-month,0,1,0
C100350,9,33.29,3,Two year,0,0,0
C100351,34,68.43,5,One year,1,1,1
C100352,38,104.97,0,Month-to-month,1,1,0
C100353,16,65.22,3,Month-to-month,0,1,1
C100354,1,63.72,0,Month-to-month,1,1,1
C100355,32,127.0,1,One year,1,0,0
C100356,47,89.66,1,Month-to-month,0,0,0
C100357,53,106.0,4,Month-to-month,1,0,1
C100358,22,110.61,2,One year,0,0,0
C100359,44,76.29,1,Two year,1,0,0
C100360,69,102.91,2,Month-to-month,0,1,0
C100361,22,76.57,2,Month-to-month,1,0,0
C100362,29,74.9,2,One year,0,1,0
C100363,51,88.66,2,One year,0,1,0
C100364,34,102.96,0,One year,0,0,0
C100365,49,74.51,2,Two year,1,0,0
C100366,5,95.95,3,One year,1,0,1
C100367,58,54.83,1,One year,0,0,0
C100368,11,88.59,2,Two year,0,1,0
C100369,32,30.75,0,Two year,1,1,0
C100370,56,83.28,2,Two year,1,1,0
C100371,46,40.58,4,Two year,1,1,0
C100372,37,104.51,1,One year,0,0,0
C100373,71,73.74,5,One year,1,1,0
C100374,1,74.58,3,Month-to-month,0,0,0
C100375,22,83.76,4,Month-to-month,1,0,0
C100376,36,67.51,2,Month-to-month,0,1,1
C100377,22,67.08,2,One year,1,1,1
C100378,19,74.04,5,Two year,0,0,1
C100379,53,51.67,1,Month-to-month,1,1,0
C100380,54,33.48,4,Month-to-month,1,0,0
C100381,69,64.56,0,Month-to-month,0,1,0
C100382,65,63.97,1,Two year,1,0,0
C100383,27,30.69,1,Month-to-month,1,1,0
C100384,38,87.54,4,Month-to-month,0,1,0
C100385,64,70.88,2,Month-to-month,1,1,0
C100386,46,95.86,1,Month-to-month,1,0,0
C100387,21,77.99,1,Two year,1,0,0
C100388,71,69.94,4,One year,1,1,1
C100389,26,78.89,3,Month-to-month,0,1,1
C100390,55,36.3,1,Month-to-month,1,1,0
C100391,71,66.13,1,Month-to-month,1,0,1
C100392,11,98.28,3,Two year,1,1,0
C100393,23,134.74,2,One year,1,0,1
C100394,67,57.57,1,Two year,1,0,0
C100395,51,93.4,0,Two year,1,0,0
C100396,36,67.77,2,Month-to-month,0,1,0
C100397,34,93.5,1,Month-to-month,1,1,1
C100398,18,84.38,2,One year,1,1,0
C100399,17,41.5,2,Two year,1,1,0
C100400,22,79.43,1,Two year,1,0,1
C100401,2,83.07,6,Month-to-month,1,1,0
C100402,72,75.62,2,Month-to-month,0,0,0
C100403,48,36.77,1,Month-to-month,0,0,0
C100404,35,77.26,0,Month-to-month,0,1,1
C100405,70,71.95,1,Month-to-month,0,1,0
C100406,23,76.79,0,Month-to-month,1,0,0
C100407,2,93.74,0,Month-to-month,1,1,0
C100408,2,61.37,1,Month-to-month,1,1,0
C100409,54,82.14,3,One year,1,0,0
C100410,33,80.73,4,One year,1,0,0
C100411,14,48.49,3,One year,1,0,0
C100412,21,30.66,2,Month-to-month,1,0,0
C100413,62,75.31,3,One year,1,0,1
C100414,12,72.2,1,Month-to-month,0,1,1
C100415,34,63.14,2,Month-to-month,1,0,1
C100416,14,85.44,2,One year,1,0,1
C100417,25,86.41,1,One year,1,0,0
C100418,23,62.06,3,Two year,1,1,0
C100419,10,110.2,2,Month-to-month,0,1,1
C100420,1,60.13,3,Month-to-month,0,1,0
C100421,25,124.41,1,Month-to-month,0,0,0
C100422,21,96.76,4,Month-to-month,1,0,1
C100423,64,78.72,2,Month-to-month,0,0,0
C100424,62,40.43,2,Month-to-month,0,1,0
C100425,29,45.28,2,Month-to-month,1,1,0
C100426,20,84.28,0,Month-to-month,1,0,0
C100427,12,71.83,1,One year,0,0,0
C100428,43,58.95,2,Month-to-month,1,0,0
C100429,69,91.12,4,Month-to-month,1,0,1
C100430,63,77.1,1,Month-to-month,0,1,0
C100431,15,50.42,1,Month-to-month,0,0,1
C100432,69,68.04,3,One year,0,0,0
C100433,48,71.89,0,Two year,0,0,0
C100434,46,93.11,4,Two year,0,0,0
C100435,29,77.75,1,Month-to-month,0,0,1
C100436,51,78.76,2,Month-to-month,1,0,0
C100437,13,106.68,2,One year,0,1,1
C100438,36,34.68,0,Month-to-month,1,1,0
C100439,20,123.4,4,Month-to-month,1,1,0
C100440,60,39.28,2,Month-to-month,1,1,1
C100441,42,41.72,2,Month-to-month,1,1,0
C100442,48,70.52,3,One year,1,0,0
C100443,62,59.5,0,Month-to-month,1,0,0
C100444,2,126.32,1,Two year,1,1,1
C100445,46,53.11,1,Month-to-month,1,1,0
C100446,21,58.47,0,One year,0,0,0
C100447,28,75.37,1,One year,0,0,0
C100448,8,118.67,2,Month-to-month,1,1,1
C100449,58,106.89,1,Month-to-month,0,0,0
C100450,57,83.33,1,One year,1,0,0
C100451,4,45.38,1,Two year,1,0,0
C100452,10,32.1,2,Month-to-month,0,0,1
C100453,29,52.44,1,Month-to-month,0,0,1
C100454,14,26.47,1,Month-to-month,1,1,0
C100455,57,45.6,0,Month-to-month,1,0,0
C100456,55,27.73,0,One year,0,1,0
C100457,70,87.29,2,One year,1,1,0
C100458,61,44.97,2,Two year,1,0,0
C100459,70,103.41,3,One year,0,1,0
C100460,72,81.23,0,One year,1,1,0
C100461,23,76.71,1,Month-to-month,1,0,0
C100462,2,95.05,1,One year,1,0,0
C100463,46,66.76,0,One year,0,0,0
C100464,19,79.89,2,One year,1,0,0
C100465,43,53.88,1,Two year,0,0,1
C100466,72,103.69,0,Month-to-month,0,0,0
C100467,9,112.59,3,Two year,0,1,1
C100468,2,65.86,1,One year,0,0,0
C100469,14,111.26,3,Month-to-month,0,1,1
C100470,35,76.38,3,One year,0,1,0
C100471,72,96.18,2,Two year,0,1,0
C100472,39,75.85,2,Month-to-month,1,0,0
C100473,29,71.99,1,One year,0,1,0
C100474,16,64.91,0,One year,1,1,0
C100475,35,92.24,1,One year,1,0,0
C100476,59,46.19,1,Month-to-month,0,1,0
C100477,64,83.37,2,One year,0,1,0
C100478,40,104.06,0,Two year,0,1,0
C100479,52,50.93,0,Month-to-month,0,0,0
C100480,36,98.1,4,One year,1,0,0
C100481,62,107.4,2,Month-to-month,1,0,0
C100482,68,55.76,2,Month-to-month,1,1,0
C100483,20,70.48,8,Month-to-month,0,0,1
C100484,44,58.61,1,One year,0,0,1
C100485,19,81.35,2,Two year,1,1,0
C100486,64,48.88,2,Month-to-month,0,0,0
C100487,59,99.99,2,One year,0,1,0
C100488,54,60.9,1,Month-to-month,1,1,0
C100489,67,49.38,0,Month-to-month,1,1,0
C100490,14,89.4,2,Month-to-month,0,1,1
C100491,49,50.66,2,Month-to-month,1,0,0
C100492,53,76.5,2,Month-to-month,1,1,1
C100493,23,106.41,1,Two year,0,1,0
C100494,3,100.11,3,Month-to-month,0,0,0
C100495,29,104.34,1,Month-to-month,1,1,1
C100496,51,70.45,4,One year,1,0,1
C100497,36,76.16,4,Month-to-month,1,0,0
C100498,65,89.79,1,Two year,0,1,0
C100499,47,69.96,2,One year,1,0,0
C100500,61,92.53,0,One year,1,0,1
C100501,22,42.83,1,Month-to-month,1,0,0
C100502,56,76.05,1,One year,0,1,0
C100503,22,108.17,1,One year,1,0,0
C100504,7,68.85,2,Month-to-month,1,1,1
C100505,71,78.45,4,One year,1,0,0
C100506,46,135.28,3,One year,1,0,0
C100507,55,61.55,1,One year,1,1,0
C100508,47,74.99,0,Month-to-month,1,1,0
C100509,32,29.82,5,One year,1,0,0
C100510,16,88.18,4,One year,1,1,1
C100511,31,94.74,1,One year,0,1,0
C100512,13,93.14,0,Month-to-month,1,1,0
C100513,4,122.15,1,One year,1,0,0
C100514,68,92.31,3,Month-to-month,1,0,0
C100515,72,76.2,3,One year,1,1,0
C100516,44,97.29,0,One year,1,1,1
C100517,35,65.62,1,Two year,0,1,0
C100518,6,93.85,2,Month-to-month,1,0,1
C100519,35,152.36,2,Month-to-month,1,1,0
C100520,47,131.01,1,One year,0,0,0
C100521,14,120.1,1,Month-to-month,1,0,1
C100522,17,88.08,2,One year,1,0,0
C100523,45,55.44,1,Month-to-month,0,0,0
C100524,59,68.68,1,Month-to-month,1,1,0
C100525,72,137.53,1,Month-to-month,1,1,0
C100526,45,72.76,1,Month-to-month,0,1,0
C100527,48,109.66,1,Month-to-month,1,0,0
C100528,47,55.41,1,Two year,0,0,0
C100529,70,89.26,4,Month-to-month,1,0,0
C100530,15,94.4,1,Month-to-month,1,0,0
C100531,59,61.5,1,Month-to-month,1,0,0
C100532,29,45.73,1,Month-to-month,0,0,0
C100533,71,61.01,0,Month-to-month,1,1,0
C100534,21,102.22,4,Month-to-month,1,0,0
C100535,9,115.07,0,One year,1,1,1
C100536,42,61.69,1,Month-to-month,1,0,0
C100537,32,58.4,2,One year,0,1,0
C100538,8,52.05,1,Two year,0,1,0
C100539,61,109.21,1,Month-to-month,0,1,1
C100540,1,63.42,2,One year,1,0,0
C100541,16,39.09,1,Month-to-month,1,0,0
C100542,44,71.63,3,Month-to-month,1,0,0
C100543,44,59.13,4,Month-to-month,0,0,0
C100544,2,113.93,1,Two year,0,1,0
C100545,14,99.08,0,Two year,1,0,0
C100546,68,84.9,0,Month-to-month,0,1,0
C100547,36,115.18,5,Month-to-month,0,1,0
C100548,40,83.36,2,Month-to-month,1,0,0
C100549,37,70.27,2,Month-to-month,0,0,0
C100550,57,56.52,0,One year,0,0,0
C100551,19,68.84,3,Month-to-month,0,0,1
C100552,28,39.17,2,One year,1,1,0
C100553,48,112.82,3,Month-to-month,0,1,0
C100554,31,61.06,2,Month-to-month,0,1,1
C100555,4,38.27,3,Month-to-month,1,0,1
C100556,42,105.15,2,Month-to-month,0,1,1
C100557,50,75.1,2,One year,1,1,0
C100558,35,29.3,4,Month-to-month,0,1,1
C100559,38,41.41,3,Two year,0,1,0
C100560,39,45.74,1,Month-to-month,0,0,1
C100561,11,36.35,3,Month-to-month,0,0,0
C100562,2,68.01,2,Month-to-month,1,0,0
C100563,16,99.93,2,One year,0,0,0
C100564,13,82.22,2,Month-to-month,1,1,1
C100565,9,30.0,2,Month-to-month,1,1,0
C100566,61,61.16,4,One year,0,0,0
C100567,63,88.17,1,Month-to-month,0,1,0
C100568,46,72.35,3,One year,0,1,0
C100569,60,88.86,1,Month-to-month,1,0,0
C100570,32,80.92,0,One year,1,0,0
C100571,48,49.64,3,Month-to-month,0,1,1
C100572,63,45.23,2,Month-to-month,1,0,0
C100573,48,73.32,3,Month-to-month,1,1,0
C100574,18,60.15,0,Month-to-month,1,1,0
C100575,64,82.66,3,One year,0,0,0
C100576,6,105.47,2,Month-to-month,1,1,1
C100577,41,105.93,3,One year,0,0,0
C100578,62,44.69,3,Month-to-month,0,0,0
C100579,2,64.72,1,One year,0,1,0
C100580,26,49.47,3,Two year,0,0,0
C100581,61,94.07,1,Two year,0,0,0
C100582,3,86.61,3,Month-to-month,0,0,1
C100583,12,113.15,2,Two year,1,1,0
C100584,21,63.91,1,One year,0,1,1
C100585,11,67.44,4,Month-to-month,1,1,0
C100586,53,66.68,1,Month-to-month,0,0,0
C100587,63,90.34,0,Month-to-month,1,0,0
C100588,36,88.3,1,Two year,0,0,0
C100589,69,47.48,1,Month-to-month,1,1,0
C100590,19,31.68,0,One year,0,0,0
C100591,7,72.14,1,One year,1,0,0
C100592,40,47.28,3,Two year,0,0,0
C100593,17,67.41,1,Month-to-month,1,0,0
C100594,9,87.83,1,Month-to-month,0,1,0
C100595,56,45.57,1,Two year,1,0,0
C100596,56,50.04,0,One year,1,0,0
C100597,45,73.63,2,Two year,1,0,0
C100598,2,141.85,2,Month-to-month,1,1,1
C100599,45,62.02,2,Month-to-month,0,0,0
C100600,24,92.69,1,Month-to-month,1,1,0
C100601,14,41.17,2,Month-to-month,0,0,1
C100602,21,115.04,1,One year,0,0,0
C100603,4,72.57,3,Two year,0,1,0
C100604,15,79.22,4,Month-to-month,1,0,0
C100605,15,59.71,4,One year,1,1,0
C100606,57,67.76,2,Month-to-month,0,1,0
C100607,16,120.84,1,One year,1,0,0
C100608,72,58.4,5,Month-to-month,1,1,0
C100609,63,68.07,3,Month-to-month,1,1,0
C100610,72,81.33,1,Month-to-month,0,0,0
C100611,29,78.43,1,One year,1,0,0
C100612,68,72.34,5,One year,1,1,0
C100613,19,74.7,2,Month-to-month,1,0,0
C100614,29,106.96,1,Month-to-month,1,1,0
C100615,72,95.59,0,Month-to-month,1,0,0
C100616,24,65.48,0,One year,1,1,0
C100617,44,82.16,1,Month-to-month,1,1,0
C100618,8,97.93,5,Month-to-month,0,0,0
C100619,43,79.05,4,Month-to-month,0,1,0
C100620,14,39.07,2,Month-to-month,1,1,0
C100621,71,113.1,0,Month-to-month,0,1,0
C100622,58,37.32,0,Month-to-month,0,0,1
C100623,6,130.84,1,Month-to-month,0,0,1
C100624,40,74.22,1,Month-to-month,0,0,0
C100625,17,119.05,3,Two year,0,0,0
C100626,40,64.0,4,One year,1,0,1
C100627,25,96.04,2,Month-to-month,1,1,0
C100628,7,43.82,3,Month-to-month,0,0,1
C100629,29,83.1,2,Two year,1,0,0
C100630,13,51.95,4,Two year,1,1,0
C100631,5,86.89,2,Month-to-month,1,1,1
C100632,46,128.64,3,Month-to-month,1,1,0
C100633,62,99.67,5,Month-to-month,0,0,1
C100634,46,94.21,1,Two year,0,0,0
C100635,58,77.6,1,Two year,1,0,0
C100636,57,54.16,3,Month-to-month,1,0,0
C100637,52,135.16,0,Month-to-month,1,1,0
C100638,5,34.01,4,Month-to-month,0,1,0
C100639,63,114.16,0,Month-to-month,0,0,0
C100640,71,91.89,5,One year,0,0,0
C100641,24,68.22,2,Two year,0,1,0
C100642,28,96.96,2,One year,0,0,0
C100643,5,85.23,0,Month-to-month,0,1,0
C100644,44,81.4,1,Month-to-month,0,1,0
C100645,36,66.18,1,Month-to-month,1,0,0
C100646,72,41.47,3,Two year,0,1,1
C100647,5,51.12,0,Month-to-month,0,1,0
C100648,24,93.06,1,Two year,1,0,0
C100649,11,67.24,0,One year,1,0,0
C100650,20,87.33,3,Month-to-month,0,1,1
C100651,59,48.32,0,Month-to-month,1,0,0
C100652,58,51.65,5,Month-to-month,1,1,0
C100653,10,63.06,2,One year,1,0,0
C100654,68,126.94,2,Month-to-month,0,0,0
C100655,20,64.73,0,Month-to-month,1,1,0
C100656,70,51.72,1,One year,1,1,0
C100657,41,113.86,3,One year,0,0,0
C100658,9,126.4,1,Month-to-month,1,0,1
C100659,63,37.89,3,One year,1,0,0
C100660,44,55.71,1,Month-to-month,1,1,0
C100661,65,133.11,2,Month-to-month,1,1,0
C100662,41,74.26,1,Month-to-month,0,0,0
C100663,71,93.23,1,One year,1,0,0
C100664,21,73.47,0,Month-to-month,1,0,0
C100665,5,90.58,0,Month-to-month,0,0,0
C100666,64,75.08,4,Month-to-month,0,0,0
C100667,64,68.13,3,Month-to-month,1,1,0
C100668,2,56.21,3,One year,0,0,1
C100669,28,79.02,2,Month-to-month,1,0,0
C100670,44,77.9,3,Two year,0,1,0
C100671,7,100.41,4,One year,1,0,0
C100672,15,72.65,2,One year,1,0,1
C100673,11,55.12,3,Two year,1,1,0
C100674,41,55.62,0,Month-to-month,0,0,0
C100675,57,71.22,0,Two year,0,1,1
C100676,36,36.66,2,Month-to-month,0,1,1
C100677,40,96.3,1,Month-to-month,0,0,0
C100678,63,91.8,3,Two year,1,1,0
C100679,37,129.22,2,Month-to-month,1,0,0
C100680,71,40.29,1,Month-to-month,0,1,0
C100681,24,67.54,0,Two year,0,1,0
C100682,10,57.53,2,Month-to-month,1,0,1
C100683,63,105.41,1,Two year,1,0,0
C100684,62,99.81,2,Month-to-month,0,0,0
C100685,7,82.93,1,Two year,1,0,0
C100686,16,85.75,1,Month-to-month,0,0,1
C100687,15,109.35,1,One year,1,1,0
C100688,25,70.69,3,One year,1,0,1
C100689,29,93.9,1,Month-to-month,1,0,0
C100690,4,92.1,1,Two year,0,0,0
C100691,54,57.15,0,One year,1,0,0
C100692,51,55.69,1,One year,0,1,0
C100693,54,59.24,0,Month-to-month,0,0,1
C100694,7,111.88,2,Month-to-month,0,0,1
C100695,16,95.93,1,Month-to-month,0,0,1
C100696,19,112.27,1,Month-to-month,1,0,0
C100697,2,60.04,3,One year,1,0,0
C100698,36,120.26,1,Month-to-month,1,0,0
C100699,23,56.02,2,Month-to-month,1,1,0
C100700,41,35.81,3,Two year,0,0,0
C100701,21,20.0,6,One year,1,0,0
C100702,37,69.32,0,One year,1,0,0
C100703,50,73.55,3,One year,1,1,0
C100704,2,58.55,1,One year,0,1,0
C100705,21,23.01,2,Two year,1,0,0
C100706,6,100.51,2,One year,0,1,0
C100707,32,80.54,1,Month-to-month,1,1,0
C100708,33,92.46,0,Month-to-month,1,0,0
C100709,58,113.62,2,Month-to-month,1,0,1
C100710,69,31.29,1,One year,0,1,0
C100711,37,102.75,1,One year,1,0,0
C100712,16,87.01,1,One year,0,0,0
C100713,35,104.67,6,Month-to-month,1,1,1
C100714,39,110.3,4,Two year,0,1,1
C100715,4,73.89,2,Two year,1,0,0
C100716,34,159.3,1,Month-to-month,1,1,0
C100717,44,112.02,1,Month-to-month,0,0,1
C100718,40,69.2,1,Month-to-month,0,1,0
C100719,17,58.74,1,Month-to-month,0,0,1
C100720,23,46.09,2,Month-to-month,0,1,0
C100721,21,63.79,0,Two year,1,0,0
C100722,52,86.57,2,Month-to-month,1,0,0
C100723,8,68.51,1,Month-to-month,1,0,0
C100724,39,106.81,3,Month-to-month,0,0,0
C100725,48,111.34,3,One year,0,1,0
C100726,55,94.25,1,One year,0,0,0
C100727,38,72.78,2,One year,1,1,0
C100728,70,112.5,1,Two year,1,1,0
C100729,52,81.18,2,Month-to-month,0,0,0
C100730,40,131.05,4,Month-to-month,1,1,1
C100731,44,32.88,0,One year,1,0,0
C100732,14,83.77,1,Month-to-month,1,0,1
C100733,65,92.52,1,One year,1,1,0
C100734,68,126.33,0,Month-to-month,1,1,0
C100735,35,72.02,1,Two year,0,1,0
C100736,53,99.06,0,One year,1,0,0
C100737,46,22.07,2,One year,0,0,0
C100738,37,75.18,1,One year,1,0,0
C100739,64,98.59,2,Month-to-month,1,1,0
C100740,44,90.55,1,Month-to-month,1,1,1
C100741,50,71.57,2,Two year,0,1,0
C100742,59,52.27,3,One year,0,1,0
C100743,34,77.16,2,Month-to-month,1,1,0
C100744,29,81.05,0,Month-to-month,0,0,0
C100745,69,79.23,1,One year,1,0,0
C100746,4,132.02,6,Month-to-month,1,0,1
C100747,63,57.16,1,Month-to-month,1,1,0
C100748,51,108.14,0,Month-to-month,0,0,0
C100749,41,91.1,0,One year,1,0,1
C100750,53,68.68,3,Month-to-month,1,1,1
C100751,72,98.76,1,One year,1,0,0
C100752,72,119.9,2,One year,0,1,0
C100753,40,40.77,1,One year,1,0,0
C100754,52,138.32,3,Month-to-month,0,1,0
C100755,17,128.62,3,Month-to-month,0,0,0
C100756,42,106.5,1,Two year,1,0,0
C100757,41,70.96,1,Month-to-month,1,1,0
C100758,24,62.52,4,Two year,1,1,0
C100759,70,143.41,1,Month-to-month,0,0,0
C100760,71,103.71,4,Two year,0,0,0
C100761,2,112.5,3,Month-to-month,1,1,0
C100762,15,136.43,4,One year,1,1,0
C100763,20,121.93,3,Month-to-month,1,1,0
C100764,52,73.66,1,Month-to-month,1,1,0
C100765,52,59.03,2,Two year,1,1,0
C100766,37,59.29,2,Month-to-month,0,1,0
C100767,72,74.94,2,One year,1,1,0
C100768,23,48.8,3,Two year,1,0,1
C100769,60,84.54,1,Month-to-month,1,1,0
C100770,66,42.04,3,Month-to-month,1,0,0
C100771,12,115.88,2,One year,0,1,0
C100772,62,124.08,1,Month-to-month,1,1,0
C100773,3,95.23,1,Two year,1,0,0
C100774,71,95.01,2,Month-to-month,1,1,0
C100775,1,104.06,1,Month-to-month,1,0,0
C100776,70,54.89,0,Month-to-month,1,0,1
C100777,26,58.38,2,Month-to-month,1,0,1
C100778,66,91.7,0,Two year,1,1,0
C100779,26,26.37,2,Month-to-month,1,1,0
C100780,35,86.48,2,One year,1,1,0
C100781,50,109.49,1,Two year,1,1,0
C100782,29,58.58,1,One year,1,0,0
C100783,25,103.45,1,One year,1,1,0
C100784,53,91.24,1,Month-to-month,1,0,0
C100785,68,75.45,3,Month-to-month,1,1,0
C100786,17,57.75,1,Month-to-month,1,1,0
C100787,28,78.03,2,Month-to-month,0,0,0
C100788,47,74.63,2,Month-to-month,1,0,0
C100789,14,83.4,1,Month-to-month,1,0,0
C100790,34,69.32,2,Month-to-month,0,1,0
C100791,56,64.11,1,One year,1,1,0
C100792,34,75.48,2,Two year,1,1,0
C100793,1,88.08,2,Two year,1,1,0
C100794,28,115.78,2,Two year,1,0,0
C100795,44,99.55,2,Two year,1,1,0
C100796,56,50.77,1,Month-to-month,1,1,0
C100797,62,90.35,1,Two year,0,0,0
C100798,6,102.79,1,One year,1,0,0
C100799,30,111.31,1,One year,0,0,1
C100800,26,75.92,2,One year,1,0,1
C100801,70,153.43,1,Two year,0,0,0
C100802,17,90.23,1,Month-to-month,1,0,1
C100803,46,69.14,2,Month-to-month,1,1,0
C100804,11,41.5,3,One year,1,1,0
C100805,42,102.62,1,Month-to-month,1,0,0
C100806,18,67.31,1,Month-to-month,1,1,0
C100807,31,43.17,2,One year,0,0,0
C100808,62,75.15,4,Month-to-month,0,0,1
C100809,14,128.63,0,One year,0,1,1
C100810,26,74.17,4,Month-to-month,1,0,0
C100811,7,64.59,2,Month-to-month,0,0,0
C100812,11,57.32,4,Month-to-month,1,0,0
C100813,64,134.6,0,Month-to-month,0,0,0
C100814,59,67.51,2,One year,1,0,0
C100815,7,79.72,1,Two year,0,1,1
C100816,12,96.51,0,One year,0,1,0
C100817,43,36.89,3,Month-to-month,1,0,0
C100818,69,56.51,2,Month-to-month,1,0,0
C100819,1,73.5,1,Month-to-month,1,0,1
C100820,4,63.18,4,Two year,0,0,0
C100821,65,70.44,1,Two year,0,0,0
C100822,6,139.47,2,One year,1,0,1
C100823,30,120.04,2,Month-to-month,0,0,0
C100824,16,37.62,1,Two year,1,0,0
C100825,47,71.7,2,One year,1,1,0
C100826,51,111.29,3,Month-to-month,0,1,0
C100827,20,72.5,1,Month-to-month,0,0,1
C100828,5,52.83,6,One year,1,1,1
C100829,4,108.84,1,Month-to-month,1,0,1
C100830,42,84.42,4,Month-to-month,0,0,0
C100831,9,50.61,3,Month-to-month,0,1,0
C100832,72,61.76,0,Month-to-month,1,0,1
C100833,67,71.04,2,Two year,0,1,0
C100834,58,60.47,1,One year,0,1,0
C100835,4,52.6,1,Month-to-month,0,1,1
C100836,65,96.8,2,One year,1,0,0
C100837,49,61.28,4,One year,1,1,0
C100838,37,32.88,1,One year,1,0,1
C100839,65,100.82,3,One year,0,0,0
C100840,24,82.81,1,One year,0,0,0
C100841,23,63.86,4,One year,1,0,0
C100842,49,100.02,2,Month-to-month,0,0,0
C100843,61,79.24,1,Two year,1,0,0
C100844,25,86.72,1,One year,0,0,0
C100845,13,78.28,1,Month-to-month,1,1,0
C100846,64,83.56,6,Two year,1,1,0
C100847,2,82.11,0,Month-to-month,1,1,0
C100848,27,96.31,3,Month-to-month,1,0,0
C100849,54,56.7,4,One year,1,0,0
C100850,39,75.51,0,One year,1,1,0
C100851,38,90.73,3,Month-to-month,1,0,1
C100852,40,44.33,3,Two year,1,1,0
C100853,47,85.34,1,One year,1,1,0
C100854,58,73.13,2,Month-to-month,0,0,0
C100855,23,96.69,3,Two year,1,0,0
C100856,2,81.27,0,Two year,1,0,0
C100857,44,97.52,0,One year,1,1,0
C100858,64,106.67,0,Month-to-month,1,1,0
C100859,5,43.04,1,One year,0,1,1
C100860,67,92.69,4,One year,1,1,0
C100861,44,118.26,0,One year,0,1,0
C100862,54,81.13,2,Month-to-month,1,0,0
C100863,41,89.24,1,Month-to-month,1,1,1
C100864,71,74.95,2,Month-to-month,1,0,0
C100865,37,97.96,1,One year,1,0,0
C100866,48,84.51,4,Month-to-month,0,0,1
C100867,7,118.75,0,Two year,1,1,0
C100868,30,90.57,2,Two year,1,1,0
C100869,2,36.96,1,Two year,1,1,0
C100870,62,90.41,1,Month-to-month,1,1,0
C100871,22,68.7,2,Month-to-month,1,1,0
C100872,63,77.69,2,Two year,1,1,0
C100873,38,42.53,3,Two year,1,1,0
C100874,26,40.22,3,One year,1,0,0
C100875,56,79.74,2,One year,0,0,0
C100876,49,127.59,4,Month-to-month,1,1,1
C100877,9,31.95,3,One year,0,1,0
C100878,54,51.21,2,One year,1,1,0
C100879,56,78.42,2,One year,0,1,0
C100880,24,117.44,3,Month-to-month,1,0,1
C100881,29,82.54,5,Month-to-month,1,0,0
C100882,47,37.84,2,One year,1,1,0
C100883,16,49.63,1,One year,1,1,0
C100884,45,55.23,2,Month-to-month,1,1,1
C100885,31,76.21,0,Month-to-month,1,0,0
C100886,49,103.02,2,Month-to-month,0,1,0
C100887,42,109.98,2,One year,1,0,0
C100888,70,61.36,1,One year,0,0,0
C100889,52,87.34,4,One year,1,0,0
C100890,72,92.64,2,Month-to-month,1,1,0
C100891,34,125.38,3,One year,1,1,0
C100892,19,103.78,1,Two year,0,0,0
C100893,52,37.88,3,One year,1,1,0
C100894,60,136.69,1,Month-to-month,1,1,0
C100895,50,96.08,3,Month-to-month,0,1,0
C100896,27,104.04,2,Month-to-month,0,1,0
C100897,65,87.7,2,Month-to-month,1,1,0
C100898,65,70.24,2,Month-to-month,1,0,0
C100899,34,90.91,5,Two year,0,0,0
C100900,59,87.04,0,Month-to-month,0,1,0
C100901,46,34.21,2,Month-to-month,0,0,0
C100902,22,96.1,0,Month-to-month,1,1,0
C100903,29,70.23,3,Month-to-month,1,0,1
C100904,62,89.31,0,Month-to-month,0,0,0
C100905,46,121.75,2,Two year,1,0,0
C100906,22,41.43,1,Month-to-month,0,1,1
C100907,44,20.0,5,One year,1,0,0
C100908,18,66.53,1,Month-to-month,0,0,1
C100909,12,59.74,2,Two year,1,0,0
C100910,23,71.92,6,One year,1,1,0
C100911,32,115.17,0,Month-to-month,1,1,0
C100912,9,61.28,1,Month-to-month,0,0,0
C100913,64,85.69,0,Month-to-month,1,0,0
C100914,6,72.8,1,Two year,1,1,0
C100915,18,101.29,5,Month-to-month,1,0,1
C100916,34,99.56,1,Month-to-month,1,0,0
C100917,43,112.22,2,Month-to-month,1,1,0
C100918,66,49.46,4,Two year,1,1,0
C100919,34,106.72,1,One year,1,1,1
C100920,62,82.41,3,One year,0,0,0
C100921,58,60.68,1,Month-to-month,1,1,0
C100922,38,73.9,2,Month-to-month,0,0,1
C100923,59,85.26,2,Month-to-month,1,0,0
C100924,32,83.73,1,Month-to-month,0,1,0
C100925,33,86.83,0,One year,1,1,0
C100926,43,105.58,3,One year,1,1,0
C100927,21,119.73,2,Month-to-month,0,0,0
C100928,34,97.29,4,One year,1,0,0
C100929,22,72.38,4,Month-to-month,0,1,0
C100930,48,63.41,0,Two year,1,1,0
C100931,49,77.36,2,Month-to-month,1,1,1
C100932,61,101.09,1,Two year,0,1,0
C100933,39,109.41,3,Month-to-month,1,0,0
C100934,70,66.78,2,Month-to-month,1,0,0
C100935,69,48.61,0,One year,1,0,0
C100936,59,73.12,0,Month-to-month,1,0,0
C100937,65,84.77,1,Month-to-month,0,0,0
C100938,12,58.57,1,Month-to-month,1,1,0
C100939,34,57.04,3,Month-to-month,0,0,0
C100940,15,43.37,0,Two year,1,0,0
C100941,3,59.64,0,Month-to-month,1,0,1
C100942,11,89.32,3,One year,1,1,1
C100943,24,69.82,4,One year,1,1,0
C100944,43,90.02,1,Month-to-month,0,0,0
C100945,41,73.56,2,Month-to-month,1,0,0
C100946,42,41.04,0,Month-to-month,0,1,1
C100947,47,65.54,1,One year,0,1,0
C100948,69,95.69,5,Month-to-month,1,0,0
C100949,60,84.01,0,One year,1,0,0
C100950,21,21.23,0,Two year,1,0,0
C100951,40,102.29,3,Two year,0,0,0
C100952,9,54.62,3,Month-to-month,1,1,0
C100953,39,56.71,2,Month-to-month,1,1,0
C100954,7,119.95,1,Month-to-month,0,0,0
C100955,63,25.97,2,Month-to-month,1,1,0
C100956,27,60.34,1,One year,1,0,0
C100957,68,125.56,2,Month-to-month,1,0,0
C100958,13,110.2,1,Two year,1,1,0
C100959,22,157.75,1,Month-to-month,1,1,1
C100960,54,72.38,1,Month-to-month,1,0,0
C100961,41,86.88,1,One year,1,1,0
C100962,72,106.19,1,One year,0,1,0
C100963,54,42.69,1,Month-to-month,1,0,0
C100964,33,78.11,0,Month-to-month,1,0,0
C100965,28,60.91,6,Month-to-month,0,0,0
C100966,18,49.55,2,One year,1,0,0
C100967,68,56.22,1,Month-to-month,1,1,0
C100968,51,90.99,2,One year,1,0,0
C100969,28,63.74,0,Two year,1,0,0
C100970,6,84.17,0,Month-to-month,1,0,0
C100971,41,80.29,1,One year,1,0,0
C100972,37,88.44,1,One year,0,0,0
C100973,2,115.53,2,Month-to-month,1,0,0
C100974,24,53.56,2,Two year,1,1,0
C100975,37,86.91,1,One year,0,1,0
C100976,44,101.29,3,Month-to-month,1,1,0
C100977,30,63.84,2,Month-to-month,1,1,0
C100978,16,117.86,0,One year,0,1,1
C100979,3,55.87,2,Month-to-month,1,1,1
C100980,4,112.23,2,Month-to-month,0,1,1
C100981,16,99.61,2,Month-to-month,1,1,0
C100982,30,68.62,2,Month-to-month,0,0,0
C100983,66,127.79,1,One year,1,0,0
C100984,64,48.22,2,One year,1,1,0
C100985,46,87.92,2,Month-to-month,1,1,0
C100986,66,42.84,1,One year,1,0,0
C100987,35,78.95,3,Two year,1,0,1
C100988,56,66.89,1,Month-to-month,1,1,0
C100989,57,59.92,1,Two year,1,1,0
C100990,70,90.27,1,Two year,0,0,0
C100991,31,83.8,1,Month-to-month,1,0,0
C100992,19,91.22,0,Month-to-month,1,0,0
C100993,16,72.28,1,Month-to-month,1,0,0
C100994,71,51.42,1,Two year,0,1,0
C100995,53,98.57,2,Two year,0,0,1
C100996,54,107.92,3,Month-to-month,0,1,1
C100997,34,73.87,0,One year,0,0,0
C100998,64,107.98,2,Month-to-month,1,1,0
C100999,11,131.23,0,Month-to-month,0,1,1
C101000,47,116.61,0,One year,1,1,0
C101001,7,88.4,3,One year,0,1,0
C101002,26,64.02,1,One year,1,1,0
C101003,60,48.91,2,Month-to-month,1,1,0
C101004,11,98.62,2,Two year,1,1,0
C101005,42,64.36,2,One year,0,1,0
C101006,51,99.06,0,Month-to-month,0,0,0
C101007,58,53.94,5,One year,1,1,1
C101008,57,113.91,0,One year,1,0,0
C101009,15,65.59,4,One year,1,1,0
C101010,70,50.72,5,One year,0,0,0
C101011,41,81.6,2,One year,0,0,0
C101012,13,56.76,4,One year,0,1,1
C101013,1,56.43,3,Two year,0,0,1
C101014,13,100.07,3,Month-to-month,0,1,1
C101015,51,65.81,1,Month-to-month,1,0,0
C101016,29,100.64,3,Month-to-month,1,1,0
C101017,40,91.46,0,Two year,1,1,0
C101018,46,77.08,1,One year,1,0,0
C101019,61,75.38,2,Month-to-month,0,1,1
C101020,15,64.31,3,Two year,1,1,0
C101021,49,62.81,4,Month-to-month,1,1,0
C101022,24,86.18,1,Month-to-month,0,0,0
C101023,69,97.05,3,Two year,0,1,0
C101024,53,95.76,3,One year,0,0,0
C101025,10,116.12,2,One year,1,1,1
C101026,12,80.86,0,Month-to-month,0,1,1
C101027,20,122.78,1,Month-to-month,1,0,0
C101028,39,79.89,1,Month-to-month,1,0,1
C101029,25,86.56,5,One year,0,1,1
C101030,14,144.49,0,Month-to-month,1,1,1
C101031,48,105.88,2,Month-to-month,0,0,1
C101032,62,85.05,2,Month-to-month,0,1,0
C101033,48,99.41,3,One year,1,1,0
C101034,6,87.14,2,Two year,1,0,0
C101035,59,132.66,1,Month-to-month,0,0,0
C101036,33,71.36,0,Month-to-month,0,0,0
C101037,50,46.7,1,One year,1,0,0
C101038,25,77.09,1,Month-to-month,1,0,1
C101039,28,67.59,2,Two year,1,1,0
C101040,32,68.32,1,Month-to-month,0,1,0
C101041,7,45.75,3,Month-to-month,1,1,0
C101042,52,107.54,1,Two year,1,0,0
C101043,36,97.18,1,One year,1,0,0
C101044,25,129.07,6,Month-to-month,1,0,1
C101045,13,92.45,3,Two year,1,0,0
C101046,11,106.58,2,Month-to-month,1,0,1
C101047,14,77.79,0,Month-to-month,0,1,1
C101048,61,66.01,2,One year,1,0,1
C101049,72,57.17,2,Month-to-month,1,1,0
C101050,27,109.39,0,Month-to-month,1,1,0
C101051,65,99.48,1,One year,1,0,1
C101052,57,95.97,2,One year,1,0,0
C101053,5,64.27,2,Month-to-month,1,0,0
C101054,37,123.43,2,Month-to-month,0,0,0
C101055,57,72.34,0,Two year,1,0,0
C101056,68,78.51,3,One year,1,1,0
C101057,51,69.86,1,Two year,1,0,0
C101058,67,86.55,4,Month-to-month,0,1,0
C101059,13,109.24,1,Month-to-month,1,1,0
C101060,55,83.06,3,Month-to-month,1,0,1
C101061,42,76.66,1,One year,0,1,0
C101062,44,52.74,1,Month-to-month,1,0,0
C101063,24,121.99,2,One year,1,1,0
C101064,25,42.16,1,Month-to-month,1,0,1
C101065,6,45.78,1,One year,1,1,0
C101066,26,92.56,0,Month-to-month,1,1,0
C101067,4,75.24,1,Month-to-month,1,0,0
C101068,35,91.43,2,Month-to-month,1,0,1
C101069,12,76.72,2,Two year,1,0,0
C101070,12,40.68,0,One year,1,1,0
C101071,19,38.86,1,Month-to-month,1,0,0
C101072,37,33.82,2,One year,1,0,0
C101073,35,137.79,3,Month-to-month,1,0,0
C101074,63,50.25,2,One year,1,0,0
C101075,14,66.78,2,One year,0,1,0
C101076,20,106.48,2,Month-to-month,1,1,1
C101077,9,103.63,2,Month-to-month,1,1,0
C101078,21,58.32,2,One year,0,1,0
C101079,71,63.62,2,Month-to-month,1,0,0
C101080,19,75.69,2,Month-to-month,1,0,1
C101081,48,60.85,2,Month-to-month,0,0,0
C101082,61,95.67,2,One year,1,0,0
C101083,61,154.03,3,One year,0,1,0
C101084,22,66.66,2,Month-to-month,0,1,0
C101085,52,62.26,0,Month-to-month,1,0,0
C101086,25,97.28,0,Month-to-month,1,1,0
C101087,56,20.0,1,Month-to-month,1,0,0
C101088,16,83.59,0,Month-to-month,1,1,0
C101089,43,54.04,2,Month-to-month,1,0,0
C101090,68,119.63,3,One year,1,0,0
C101091,36,55.21,1,Month-to-month,0,0,0
C101092,61,76.5,1,Month-to-month,0,1,0
C101093,60,74.4,0,Month-to-month,1,0,0
C101094,19,87.65,0,Month-to-month,1,0,0
C101095,71,97.69,0,One year,1,1,0
C101096,58,90.58,0,Month-to-month,1,1,0
C101097,5,49.92,1,Two year,0,0,0
C101098,56,84.51,1,Two year,1,1,0
C101099,56,105.55,1,Month-to-month,0,0,0
C101100,52,60.51,0,One year,1,0,1
C101101,15,67.51,2,One year,0,0,0
C101102,65,96.08,5,Month-to-month,0,0,1
C101103,17,48.04,1,Two year,1,0,0
C101104,26,93.01,1,Month-to-month,0,1,0
C101105,3,92.84,2,Month-to-month,0,1,1
C101106,35,46.62,1,Month-to-month,0,0,0
C101107,61,90.89,2,One year,0,1,0
C101108,1,74.3,0,Month-to-month,1,1,0
C101109,72,64.2,2,Month-to-month,1,1,0
C101110,14,98.3,1,Two year,1,1,0
C101111,11,55.84,0,Month-to-month,0,1,0
C101112,67,83.08,2,Month-to-month,0,0,0
C101113,44,85.72,1,Month-to-month,0,1,0
C101114,31,91.13,2,Month-to-month,1,1,0
C101115,44,113.05,2,Month-to-month,1,0,0
C101116,17,91.78,1,Month-to-month,1,0,0
C101117,15,82.88,3,Month-to-month,1,1,1
C101118,42,63.37,2,One year,1,0,0
C101119,6,97.78,6,Month-to-month,0,1,0
C101120,14,92.42,3,Month-to-month,0,0,0
C101121,50,54.43,0,Month-to-month,1,0,0
C101122,7,72.09,1,Two year,1,1,0
C101123,71,55.5,3,Two year,1,1,0
C101124,20,89.28,2,Month-to-month,0,1,0
C101125,8,77.2,2,Month-to-month,1,1,0
C101126,71,90.82,2,Month-to-month,1,0,0
C101127,17,71.42,1,One year,0,0,0
C101128,58,84.54,1,One year,0,0,0
C101129,49,87.2,4,One year,1,0,0
C101130,16,93.4,0,Month-to-month,1,0,0
C101131,43,80.14,1,Month-to-month,0,0,0
C101132,71,50.07,1,Two year,0,0,0
C101133,72,103.41,1,Month-to-month,1,1,0
C101134,43,104.27,1,Month-to-month,0,1,0
C101135,23,115.4,1,Month-to-month,1,0,0
C101136,35,53.86,3,Two year,1,0,0
C101137,19,63.67,0,Two year,1,1,0
C101138,2,52.39,1,Month-to-month,1,0,0
C101139,22,23.5,1,Two year,1,0,0
C101140,55,100.23,2,Month-to-month,1,0,0
C101141,32,40.46,3,Month-to-month,0,0,0
C101142,10,95.11,1,Month-to-month,1,1,0
C101143,22,41.99,0,Month-to-month,1,0,0
C101144,65,34.43,2,Month-to-month,0,0,0
C101145,30,67.12,1,Month-to-month,1,0,1
C101146,17,89.23,1,Two year,1,1,0
C101147,51,32.04,0,Two year,1,0,0
C101148,69,63.84,1,One year,1,0,0
C101149,2,38.89,3,Month-to-month,1,1,0
C101150,44,96.16,2,One year,1,1,0
C101151,45,77.74,2,One year,0,1,0
C101152,68,78.52,2,One year,0,0,0
C101153,31,100.96,2,Two year,0,0,0
C101154,38,72.1,5,Two year,0,1,0
C101155,38,89.39,1,Month-to-month,1,0,0
C101156,46,119.88,2,One year,0,0,1
C101157,57,78.96,1,One year,0,0,0
C101158,25,31.59,2,One year,0,0,1
C101159,46,89.87,2,Two year,1,0,1
C101160,27,56.01,2,Month-to-month,0,1,1
C101161,52,67.06,0,Month-to-month,0,0,1
C101162,54,60.38,0,Month-to-month,1,1,0
C101163,72,83.04,1,Month-to-month,1,0,0
C101164,47,73.9,0,Month-to-month,1,0,0
C101165,60,73.19,0,Month-to-month,1,1,0
C101166,66,94.65,1,Month-to-month,1,0,0
C101167,67,71.84,1,Two year,1,1,0
C101168,33,82.48,2,Two year,1,0,0
C101169,27,109.45,2,Month-to-month,1,1,0
C101170,17,113.35,2,Month-to-month,1,1,0
C101171,30,128.05,1,Month-to-month,0,1,1
C101172,41,115.46,0,One year,0,0,0
C101173,3,39.15,2,One year,1,0,0
C101174,26,58.54,3,Month-to-month,0,0,0
C101175,23,94.53,2,Two year,1,0,0
C101176,37,90.46,1,Month-to-month,1,1,0
C101177,32,72.99,1,Month-to-month,1,0,1
C101178,7,99.41,2,Month-to-month,1,0,0
C101179,6,51.61,7,One year,0,0,1
C101180,14,96.77,1,Month-to-month,0,1,0
C101181,43,104.48,2,One year,1,1,0
C101182,16,35.61,4,Two year,1,0,0
C101183,20,80.79,1,Month-to-month,1,1,0
C101184,14,84.44,0,Month-to-month,1,1,0
C101185,26,52.02,1,Two year,0,0,0
C101186,20,43.88,2,Month-to-month,0,1,0
C101187,21,84.52,1,Month-to-month,1,0,0
C101188,45,91.46,1,Two year,1,1,0
C101189,61,73.77,0,Month-to-month,1,0,0
C101190,72,67.46,0,Month-to-month,0,1,0
C101191,41,89.63,0,Two year,1,1,1
C101192,18,39.54,1,Month-to-month,1,0,1
C101193,45,112.35,1,Two year,1,0,0
C101194,42,135.78,0,Month-to-month,0,0,1
C101195,47,80.79,5,Two year,0,0,0
C101196,21,113.07,3,Month-to-month,1,0,1
C101197,60,101.35,3,One year,0,1,0
C101198,12,144.23,0,Month-to-month,0,1,0
C101199,7,20.0,2,Month-to-month,1,1,0
C101200,56,94.98,0,Month-to-month,1,0,0
C101201,37,20.0,1,Month-to-month,1,0,0
C101202,52,53.26,1,One year,1,0,0
C101203,9,76.3,1,One year,1,1,0
C101204,7,68.22,0,Month-to-month,0,0,0
C101205,33,108.99,1,Two year,0,1,0
C101206,24,124.17,2,Month-to-month,1,1,0
C101207,9,89.64,0,One year,1,1,0
C101208,17,145.3,1,Two year,1,0,0
C101209,46,46.93,1,Month-to-month,0,1,0
C101210,70,53.78,1,Month-to-month,1,1,0
C101211,17,48.9,3,Month-to-month,0,1,0
C101212,24,105.27,3,Two year,1,0,0
C101213,4,111.02,0,Two year,0,0,0
C101214,59,38.26,3,Month-to-month,0,1,0
C101215,23,56.02,1,Month-to-month,1,0,1
C101216,21,72.11,2,Month-to-month,1,0,1
C101217,34,62.68,1,One year,0,1,0
C101218,43,61.72,2,One year,1,1,0
C101219,70,70.56,4,One year,0,0,1
C101220,19,53.12,2,Two year,1,1,0
C101221,25,104.78,1,Month-to-month,1,0,0
C101222,59,120.79,4,One year,0,1,0
C101223,69,40.85,0,Month-to-month,0,0,0
C101224,41,86.17,1,Two year,1,0,0
C101225,14,94.8,0,Two year,0,1,0
C101226,8,54.11,4,Month-to-month,1,0,0
C101227,58,34.5,2,Month-to-month,0,1,0
C101228,19,73.3,1,Month-to-month,1,1,0
C101229,12,62.86,3,Two year,1,0,1
C101230,14,67.33,2,Two year,0,0,0
C101231,26,93.48,1,Two year,0,1,0
C101232,62,108.8,2,One year,1,0,0
C101233,53,147.56,2,One year,1,1,1
C101234,68,88.45,1,Month-to-month,1,0,0
C101235,45,76.04,3,Month-to-month,1,0,1
C101236,62,43.49,3,Month-to-month,0,1,0
C101237,68,91.45,4,Month-to-month,0,1,0
C101238,49,83.29,2,One year,0,1,0
C101239,30,74.57,1,Month-to-month,1,0,0
C101240,45,81.89,3,Month-to-month,0,0,0
C101241,32,30.71,2,Two year,1,1,0
C101242,56,25.29,0,Month-to-month,1,0,0
C101243,16,107.57,1,Month-to-month,1,1,0
C101244,10,26.05,5,One year,0,1,0
C101245,12,41.99,2,Month-to-month,1,0,0
C101246,66,49.06,2,Two year,0,0,0
C101247,51,88.64,1,Two year,0,1,0
C101248,43,140.36,2,Month-to-month,0,1,0
C101249,61,76.84,1,Month-to-month,1,1,0
C101250,12,59.95,0,One year,1,1,0
C101251,45,113.57,1,One year,1,0,0
C101252,64,49.75,3,Month-to-month,1,1,0
C101253,10,98.01,3,Month-to-month,0,1,0
C101254,43,88.85,2,Two year,1,0,0
C101255,18,60.35,1,Month-to-month,0,0,0
C101256,37,77.11,0,Month-to-month,1,0,0
C101257,21,87.92,1,One year,0,0,0
C101258,19,65.5,5,Two year,0,0,1
C101259,50,75.35,0,Month-to-month,0,0,0
C101260,6,87.86,1,One year,0,0,0
C101261,60,96.96,0,One year,1,0,0
C101262,25,35.93,2,One year,1,1,0
C101263,54,78.15,3,One year,0,0,0
C101264,2,61.21,1,One year,1,1,0
C101265,42,114.68,1,Month-to-month,0,0,1
C101266,50,78.24,0,Month-to-month,1,1,0
C101267,35,74.79,1,Two year,1,1,0
C101268,51,116.8,4,Month-to-month,1,1,0
C101269,53,48.37,1,One year,1,0,0
C101270,72,81.93,1,One year,1,1,0
C101271,24,65.96,2,Month-to-month,0,0,0
C101272,3,130.27,1,Month-to-month,0,1,1
C101273,40,55.6,2,One year,1,1,0
C101274,50,80.6,0,Month-to-month,1,1,0
C101275,71,76.79,3,Month-to-month,0,1,0
C101276,15,77.57,2,Month-to-month,1,1,0
C101277,14,114.13,0,Month-to-month,1,0,0
C101278,39,95.91,5,Month-to-month,1,1,0
C101279,48,80.94,1,Month-to-month,0,0,1
C101280,18,98.02,1,One year,0,1,1
C101281,16,80.76,0,One year,1,0,0
C101282,6,42.79,1,Month-to-month,1,1,1
C101283,2,86.52,0,Two year,1,1,0
C101284,50,152.92,1,Two year,0,0,0
C101285,57,99.52,5,Two year,0,0,1
C101286,63,54.02,1,Month-to-month,1,0,0
C101287,2,31.87,2,Two year,0,0,0
C101288,69,56.31,2,Month-to-month,1,1,0
C101289,14,55.78,2,Month-to-month,1,0,0
C101290,71,83.01,1,One year,0,0,0
C101291,49,120.33,0,One year,1,1,0
C101292,25,58.28,2,Month-to-month,1,1,0
C101293,51,68.85,4,One year,0,1,0
C101294,24,100.34,0,Two year,1,1,1
C101295,64,73.62,1,Month-to-month,0,0,0
C101296,56,100.48,2,Month-to-month,1,1,0
C101297,24,69.37,1,Month-to-month,1,0,1
C101298,16,72.24,6,Two year,0,0,1
C101299,69,79.21,2,One year,0,0,0
C101300,7,80.15,0,One year,0,0,0
C101301,36,39.96,0,Month-to-month,1,1,1
C101302,34,77.98,0,One year,0,1,0
C101303,11,90.97,2,Month-to-month,1,1,0
C101304,61,64.94,1,One year,0,0,0
C101305,2,91.46,1,One year,1,0,0
C101306,7,98.72,3,Two year,1,0,1
C101307,18,85.9,0,One year,1,0,0
C101308,58,67.36,3,One year,1,1,0
C101309,41,46.48,2,Month-to-month,1,0,0
C101310,70,95.14,3,Month-to-month,1,0,0
C101311,65,99.28,1,One year,1,0,0
C101312,53,129.21,2,Month-to-month,1,1,0
C101313,37,38.45,3,Two year,1,1,0
C101314,66,116.0,0,Month-to-month,0,0,0
C101315,53,109.74,2,Month-to-month,0,1,0
C101316,49,85.52,1,Month-to-month,0,0,0
C101317,23,108.63,2,One year,0,0,1
C101318,55,82.28,1,Month-to-month,0,1,0
C101319,57,84.21,3,Two year,1,0,0
C101320,41,51.6,4,Month-to-month,1,0,1
C101321,62,69.44,4,One year,0,0,0
C101322,68,92.77,2,Month-to-month,1,0,0
C101323,21,76.29,2,Month-to-month,1,0,0
C101324,25,58.76,2,Two year,0,1,0
C101325,23,71.7,1,Month-to-month,0,0,1
C101326,59,78.67,2,One year,1,0,0
C101327,21,110.54,1,Month-to-month,1,0,0
C101328,53,107.11,2,Two year,0,1,0
C101329,2,72.98,0,Month-to-month,1,1,1
C101330,31,67.51,5,One year,0,0,0
C101331,62,98.75,1,Month-to-month,0,0,0
C101332,53,59.96,2,Month-to-month,0,0,0
C101333,63,96.0,0,Two year,1,0,0
C101334,39,112.56,1,Month-to-month,0,1,0
C101335,12,119.58,2,One year,1,0,0
C101336,5,56.79,0,Two year,1,0,0
C101337,37,83.88,1,Two year,1,1,0
C101338,30,79.68,2,Two year,1,0,0
C101339,46,37.78,1,One year,0,0,0
C101340,59,92.11,3,Two year,0,1,0
C101341,58,77.55,2,Month-to-month,1,0,0
C101342,29,73.05,4,One year,0,0,0
C101343,35,79.15,3,Month-to-month,0,1,0
C101344,43,70.69,1,One year,1,0,0
C101345,65,63.99,0,Month-to-month,1,0,0
C101346,7,99.45,2,Month-to-month,0,0,1
C101347,33,77.21,3,Month-to-month,0,1,1
C101348,58,108.42,2,One year,0,0,0
C101349,10,95.91,2,Two year,0,1,0
C101350,26,97.29,0,Two year,1,1,0
C101351,71,41.63,3,Month-to-month,1,0,0
C101352,42,78.34,1,One year,1,0,0
C101353,27,100.0,5,Two year,1,0,0
C101354,14,112.07,3,Two year,0,0,0
C101355,3,79.34,2,Month-to-month,1,0,0
C101356,25,49.65,1,Month-to-month,1,1,0
C101357,72,114.12,1,Month-to-month,1,0,1
C101358,3,58.85,0,One year,0,0,1
C101359,49,34.39,1,Two year,1,1,0
C101360,8,79.58,6,Two year,1,1,0
C101361,60,76.72,2,Month-to-month,1,0,0
C101362,68,110.08,1,Month-to-month,0,1,0
C101363,31,106.28,1,One year,0,1,0
C101364,5,65.4,0,Month-to-month,0,0,1
C101365,34,51.85,1,Month-to-month,1,1,0
C101366,26,70.12,2,Month-to-month,1,1,0
C101367,9,83.46,5,One year,0,1,0
C101368,34,95.56,2,Month-to-month,1,0,0
C101369,19,68.55,2,Month-to-month,1,0,1
C101370,51,96.31,4,One year,1,1,0
C101371,20,62.96,2,Month-to-month,1,1,0
C101372,47,121.61,3,Two year,0,0,0
C101373,13,86.99,7,Month-to-month,1,0,0
C101374,3,46.32,1,One year,1,1,0
C101375,12,61.79,3,Two year,1,0,0
C101376,66,58.75,1,Two year,1,0,0
C101377,56,70.32,2,One year,0,0,0
C101378,37,49.13,1,Month-to-month,0,1,0
C101379,33,69.53,5,Month-to-month,0,1,1
C101380,36,67.04,2,Month-to-month,1,0,0
C101381,8,86.25,4,Month-to-month,0,1,1
C101382,64,67.37,2,One year,1,1,0
C101383,51,101.54,0,Month-to-month,0,1,0
C101384,32,69.21,4,Month-to-month,1,0,0
C101385,54,48.29,3,Two year,1,0,0
C101386,42,20.0,2,Month-to-month,1,1,0
C101387,6,84.41,2,Month-to-month,1,0,0
C101388,20,66.04,3,Month-to-month,1,0,1
C101389,40,39.92,1,One year,1,1,0
C101390,66,79.23,1,Two year,1,0,0
C101391,59,59.07,1,One year,0,1,0
C101392,52,107.22,2,Month-to-month,1,0,1
C101393,33,58.25,1,Month-to-month,0,0,0
C101394,57,120.1,0,Month-to-month,0,1,0
C101395,42,76.09,2,Month-to-month,1,1,0
C101396,7,85.12,1,Month-to-month,1,1,0
C101397,55,94.63,1,Two year,1,0,0
C101398,4,92.44,1,One year,0,0,0
C101399,49,82.73,1,One year,1,1,0
C101400,4,44.99,1,Two year,0,1,0
C101401,16,148.68,1,Month-to-month,0,0,1
C101402,22,48.74,5,One year,0,1,0
C101403,70,47.15,2,Month-to-month,1,1,0
C101404,53,88.04,3,Month-to-month,1,1,1
C101405,14,103.62,3,Month-to-month,0,1,1
C101406,55,49.78,5,Month-to-month,1,1,0
C101407,19,115.08,1,One year,1,1,0
C101408,21,48.25,0,One year,1,1,0
C101409,38,101.17,2,One year,1,0,1
C101410,34,87.1,2,One year,1,1,1
C101411,40,137.74,4,Month-to-month,1,1,0
C101412,71,92.44,1,Two year,0,1,0
C101413,1,90.77,1,Two year,0,1,0
C101414,18,86.96,2,Month-to-month,1,1,0
C101415,47,108.88,1,Month-to-month,1,0,0
C101416,51,59.96,2,Month-to-month,1,1,0
C101417,49,73.38,1,One year,0,0,1
C101418,22,89.66,0,One year,0,0,0
C101419,15,117.49,0,Month-to-month,0,0,1
C101420,38,90.9,2,Two year,0,0,0
C101421,33,46.38,1,One year,0,0,0
C101422,10,101.09,3,One year,0,1,0
C101423,56,92.55,0,Two year,0,0,0
C101424,18,87.54,0,Two year,0,1,0
C101425,59,90.36,0,Month-to-month,0,0,1
C101426,62,69.5,2,Month-to-month,1,0,0
C101427,30,93.28,3,Month-to-month,0,1,1
C101428,2,44.67,3,Month-to-month,0,1,0
C101429,62,109.23,2,Two year,0,0,0
C101430,56,135.17,3,Month-to-month,0,0,0
C101431,5,122.86,0,Two year,1,1,0
C101432,32,70.27,3,Month-to-month,1,0,1
C101433,59,99.35,1,One year,1,1,0
C101434,31,105.66,1,One year,0,0,1
C101435,58,98.01,4,Month-to-month,1,0,0
C101436,63,64.9,1,Month-to-month,1,0,0
C101437,58,70.08,1,Month-to-month,0,1,0
C101438,57,57.66,0,Two year,0,1,1
C101439,63,62.72,2,Month-to-month,0,1,0
C101440,62,131.92,2,Month-to-month,1,0,1
C101441,27,81.78,3,Two year,1,0,1
C101442,25,56.98,0,Two year,1,0,0
C101443,4,96.94,3,Two year,0,0,0
C101444,27,127.4,1,One year,1,1,0
C101445,68,93.49,1,Month-to-month,1,0,0
C101446,24,83.03,2,Month-to-month,1,0,1
C101447,55,20.0,2,Month-to-month,1,1,0
C101448,18,61.15,3,Month-to-month,1,1,0
C101449,63,90.52,1,Month-to-month,1,0,0
C101450,63,125.16,3,Month-to-month,0,1,0
C101451,10,78.7,0,Month-to-month,0,0,1
C101452,38,103.95,1,Month-to-month,1,0,0
C101453,65,91.79,1,Two year,0,1,0
C101454,9,76.49,2,One year,0,1,0
C101455,29,59.82,2,Month-to-month,1,0,0
C101456,72,83.23,3,One year,1,0,0
C101457,30,136.42,0,One year,1,0,0
C101458,10,23.39,2,Two year,0,1,0
C101459,35,73.79,2,Month-to-month,1,1,0
C101460,29,72.89,4,Month-to-month,1,1,0
C101461,69,69.77,3,Two year,1,0,0
C101462,57,103.64,2,Month-to-month,1,0,0
C101463,4,96.45,0,Two year,1,0,1
C101464,65,78.46,1,Month-to-month,0,0,0
C101465,44,79.15,1,Two year,0,0,0
C101466,52,93.1,1,One year,0,0,0
C101467,1,105.79,3,Month-to-month,1,0,1
C101468,23,118.48,2,One year,1,1,0
C101469,63,81.47,1,Month-to-month,1,1,0
C101470,56,40.84,1,Two year,0,1,0
C101471,25,103.97,1,Month-to-month,1,1,0
C101472,27,78.34,0,Month-to-month,0,0,1
C101473,37,101.05,3,Month-to-month,1,0,0
C101474,49,146.5,2,Month-to-month,1,1,1
C101475,50,80.11,2,Two year,1,1,0
C101476,63,77.33,1,Month-to-month,1,0,0
C101477,46,52.82,5,One year,0,1,0
C101478,67,123.94,0,Month-to-month,0,1,0
C101479,38,20.0,0,Month-to-month,1,0,0
C101480,66,82.9,4,Month-to-month,0,1,0
C101481,26,103.58,1,One year,0,0,1
C101482,58,76.88,1,Month-to-month,1,0,0
C101483,11,48.03,1,Month-to-month,0,0,0
C101484,66,46.19,1,Month-to-month,1,1,0
C101485,50,73.62,3,Month-to-month,1,1,1
C101486,69,96.68,1,Two year,0,0,0
C101487,45,86.33,1,Month-to-month,1,0,0
C101488,1,60.22,2,Month-to-month,1,1,1
C101489,46,109.24,2,One year,1,0,0
C101490,10,107.19,1,Two year,0,0,1
C101491,2,59.97,3,One year,0,0,0
C101492,29,53.15,2,Month-to-month,1,0,0
C101493,16,105.32,2,Two year,1,0,0
C101494,33,73.49,1,Month-to-month,0,1,0
C101495,22,87.06,1,Two year,0,0,0
C101496,49,104.41,2,Two year,1,1,0
C101497,71,38.58,1,One year,0,0,0
C101498,45,84.08,3,Two year,0,0,0
C101499,21,83.62,3,Month-to-month,1,0,0
C101500,27,59.89,1,One year,1,0,1
C101501,45,52.56,3,Month-to-month,0,0,1
C101502,48,64.83,4,Month-to-month,1,0,0
C101503,13,32.57,1,Month-to-month,1,1,1
C101504,37,43.42,4,Month-to-month,0,1,0
C101505,29,107.92,2,One year,1,1,0
C101506,33,56.86,4,Month-to-month,1,1,0
C101507,10,44.84,2,One year,1,1,0
C101508,62,76.62,6,One year,1,0,0
C101509,27,61.59,4,Month-to-month,1,1,0
C101510,53,62.72,1,One year,1,0,0
C101511,13,109.15,3,Month-to-month,1,0,0
C101512,8,134.26,1,Month-to-month,0,1,0
C101513,6,96.77,0,One year,0,1,0
C101514,24,41.07,2,One year,0,0,0
C101515,11,69.82,2,Month-to-month,1,0,0
C101516,55,100.29,3,Two year,1,1,0
C101517,24,71.46,0,Month-to-month,0,0,0
C101518,29,69.06,2,One year,1,0,0
C101519,22,80.17,1,One year,1,0,0
C101520,61,116.8,3,Two year,1,0,0
C101521,64,39.02,0,Two year,1,1,0
C101522,39,81.18,4,Month-to-month,1,1,0
C101523,64,27.08,1,One year,1,1,0
C101524,26,107.02,4,Month-to-month,0,0,0
C101525,42,82.89,2,Two year,1,0,0
C101526,67,63.93,0,Two year,0,1,0
C101527,35,97.1,1,One year,0,0,0
C101528,59,63.22,1,Month-to-month,1,1,0
C101529,11,46.11,2,Two year,1,0,0
C101530,18,125.7,3,Month-to-month,0,0,0
C101531,60,73.6,1,One year,1,0,0
C101532,62,81.62,2,Month-to-month,0,0,0
C101533,71,106.57,0,Month-to-month,0,1,0
C101534,49,118.84,0,Month-to-month,1,1,0
C101535,19,79.84,1,Month-to-month,1,0,0
C101536,1,132.45,2,Month-to-month,1,1,1
C101537,12,97.79,2,Month-to-month,1,1,0
C101538,12,124.01,1,Two year,0,1,0
C101539,54,62.91,3,Month-to-month,0,1,0
C101540,23,64.3,2,Month-to-month,1,1,1
C101541,55,84.63,2,One year,0,0,0
C101542,60,57.56,1,One year,1,1,0
C101543,48,116.67,1,Two year,0,0,0
C101544,29,64.39,4,One year,1,1,0
C101545,46,62.22,1,Month-to-month,0,1,0
C101546,32,35.06,0,Month-to-month,1,0,1
C101547,19,60.34,5,Two year,0,0,0
C101548,58,20.0,3,Two year,1,0,0
C101549,69,66.28,1,Month-to-month,1,1,0
C101550,25,23.31,2,Month-to-month,1,0,0
C101551,60,52.68,2,Month-to-month,1,0,0
C101552,70,59.0,3,Month-to-month,1,0,0
C101553,46,72.64,2,Month-to-month,0,1,0
C101554,5,89.8,2,Month-to-month,0,0,1
C101555,53,78.82,3,Two year,1,1,0
C101556,58,89.71,5,One year,1,0,0
C101557,58,99.89,0,Month-to-month,0,0,0
C101558,54,90.65,0,Month-to-month,0,0,0
C101559,65,76.7,2,Month-to-month,1,0,0
C101560,71,113.32,0,Month-to-month,0,1,0
C101561,19,80.71,0,Two year,1,1,0
C101562,40,47.7,2,Month-to-month,1,0,0
C101563,30,84.5,1,One year,0,0,0
C101564,46,88.87,2,Month-to-month,1,1,0
C101565,66,63.92,2,One year,0,0,0
C101566,49,110.79,1,Month-to-month,0,1,0
C101567,20,81.79,2,Month-to-month,0,0,0
C101568,68,54.82,3,Two year,1,0,0
C101569,38,43.47,3,Two year,1,0,0
C101570,17,42.77,2,Month-to-month,1,1,0
C101571,46,134.01,4,One year,0,0,1
C101572,54,79.95,1,One year,0,0,0
C101573,33,91.21,3,One year,1,1,0
C101574,21,61.89,0,Month-to-month,0,1,0
C101575,37,98.56,0,Two year,1,1,0
C101576,17,74.65,4,One year,0,0,0
C101577,6,73.22,2,Two year,0,0,1
C101578,67,74.11,3,Month-to-month,1,1,0
C101579,20,45.5,2,One year,1,1,0
C101580,72,96.15,4,Month-to-month,0,0,0
C101581,29,123.16,2,Month-to-month,0,0,0
C101582,38,86.53,1,Two year,1,0,0
C101583,35,74.81,3,Month-to-month,1,0,1
C101584,11,56.3,3,Two year,1,0,0
C101585,47,71.22,2,One year,1,0,0
C101586,12,58.26,1,Month-to-month,0,0,1
C101587,43,34.87,1,Two year,1,0,0
C101588,20,70.24,1,Two year,1,0,0
C101589,2,74.24,0,Month-to-month,0,0,0
C101590,50,84.75,1,Month-to-month,1,0,0
C101591,48,108.67,3,Month-to-month,1,0,0
C101592,63,87.39,2,Month-to-month,1,1,0
C101593,47,58.22,0,One year,1,0,0
C101594,53,91.85,3,Month-to-month,0,0,0
C101595,5,56.63,4,Month-to-month,1,0,0
C101596,9,72.0,1,Month-to-month,1,1,0
C101597,46,78.95,3,Month-to-month,0,0,0
C101598,39,89.35,2,Month-to-month,1,0,1
C101599,63,73.36,0,Two year,1,0,0
C101600,12,33.04,0,Two year,1,0,0
C101601,64,69.06,2,Two year,1,0,0
C101602,4,55.96,4,Month-to-month,1,0,0
C101603,44,58.59,0,Month-to-month,0,1,1
C101604,19,57.54,2,Month-to-month,1,1,0
C101605,34,72.88,2,One year,1,0,0
C101606,14,88.6,1,Month-to-month,1,1,0
C101607,56,95.75,2,Two year,0,1,0
C101608,52,62.58,1,One year,1,1,0
C101609,35,36.15,2,Two year,0,0,0
C101610,7,56.14,1,Two year,1,0,1
C101611,6,109.53,2,One year,0,1,1
C101612,58,94.55,1,Month-to-month,1,1,0
C101613,51,103.08,0,Two year,0,1,0
C101614,27,79.78,3,Month-to-month,1,1,1
C101615,28,68.35,1,Month-to-month,1,1,1
C101616,31,44.13,1,Month-to-month,1,0,0
C101617,52,100.68,2,One year,1,1,0
C101618,53,84.79,3,Month-to-month,1,1,1
C101619,66,65.27,3,Month-to-month,1,0,0
C101620,59,30.49,1,Two year,0,0,0
C101621,55,109.7,0,Month-to-month,1,0,0
C101622,47,107.61,0,One year,0,0,0
C101623,72,66.67,3,Month-to-month,1,0,0
C101624,18,74.95,2,Two year,1,0,0
C101625,9,65.9,0,Two year,1,0,0
C101626,4,72.42,3,Month-to-month,0,0,0
C101627,55,20.0,3,Two year,1,1,0
C101628,12,87.34,1,Month-to-month,0,1,0
C101629,33,64.56,5,One year,1,0,0
C101630,57,69.26,3,Month-to-month,0,0,0
C101631,53,59.19,3,Month-to-month,1,0,0
C101632,8,70.56,0,One year,1,0,1
C101633,4,89.39,1,One year,1,0,0
C101634,47,89.04,0,Month-to-month,0,1,0
C101635,24,77.23,1,Two year,1,0,0
C101636,26,79.41,3,One year,1,0,0
C101637,25,74.01,1,One year,1,1,0
C101638,34,108.74,4,Month-to-month,0,1,0
C101639,66,77.74,1,Month-to-month,1,0,0
C101640,69,80.25,0,Month-to-month,1,1,0
C101641,54,124.66,1,One year,0,0,0
C101642,39,77.57,1,Month-to-month,0,0,0
C101643,44,56.92,1,One year,1,0,0
C101644,23,103.31,1,Month-to-month,0,0,0
C101645,5,29.38,2,Two year,0,1,0
C101646,31,60.48,1,Month-to-month,1,1,1
C101647,18,72.6,3,Month-to-month,0,0,0
C101648,57,20.0,2,Month-to-month,0,1,0
C101649,56,87.57,1,One year,1,0,0
C101650,5,89.66,3,One year,0,0,0
C101651,33,44.8,3,Month-to-month,1,1,0
C101652,49,73.49,1,Month-to-month,1,0,0
C101653,27,146.08,1,One year,0,0,0
C101654,49,78.56,1,One year,1,0,0
C101655,67,121.37,0,Month-to-month,1,1,0
C101656,30,70.27,3,Two year,0,0,0
C101657,24,105.57,1,Month-to-month,1,0,0
C101658,4,70.03,3,Month-to-month,1,0,0
C101659,36,72.87,1,Two year,1,0,0
C101660,37,53.42,1,Month-to-month,1,0,1
C101661,44,119.63,1,Month-to-month,1,0,0
C101662,9,68.01,4,Month-to-month,0,1,0
C101663,8,69.3,1,One year,0,1,0
C101664,37,86.88,1,One year,0,0,0
C101665,3,31.42,1,Month-to-month,1,0,1
C101666,33,77.79,2,Month-to-month,1,1,0
C101667,9,80.68,1,Month-to-month,0,1,0
C101668,67,57.52,4,Month-to-month,1,1,0
C101669,43,106.49,1,One year,1,0,1
C101670,61,89.92,2,Month-to-month,1,0,1
C101671,70,61.74,0,Month-to-month,0,1,0
C101672,37,41.76,5,Month-to-month,0,1,0
C101673,59,96.09,0,Two year,1,0,0
C101674,59,49.18,3,Month-to-month,1,0,0
C101675,53,64.01,3,One year,1,0,0
C101676,24,101.18,1,Month-to-month,0,1,1
C101677,46,82.76,1,Month-to-month,0,1,0
C101678,62,72.3,1,Month-to-month,1,0,0
C101679,15,31.9,2,Month-to-month,1,0,0
C101680,31,33.47,2,One year,0,0,0
C101681,51,44.6,3,Month-to-month,0,1,0
C101682,66,59.88,1,Two year,0,0,0
C101683,33,67.55,2,One year,0,0,1
C101684,19,64.85,2,Two year,1,0,0
C101685,12,108.39,2,Two year,1,1,0
C101686,39,83.31,2,Month-to-month,1,1,0
C101687,63,51.79,1,Month-to-month,1,1,0
C101688,42,75.8,1,Two year,1,0,0
C101689,29,68.79,1,Month-to-month,0,0,0
C101690,29,75.85,0,Two year,0,1,0
C101691,35,65.58,3,One year,0,0,0
C101692,15,49.17,3,One year,0,1,0
C101693,13,101.25,2,Month-to-month,1,1,1
C101694,8,141.54,3,One year,1,1,0
C101695,2,104.75,1,Month-to-month,0,0,0
C101696,54,82.25,3,Month-to-month,1,1,0
C101697,45,90.12,1,Two year,0,0,0
C101698,48,66.17,2,One year,1,1,1
C101699,40,102.68,0,One year,1,1,0
C101700,14,49.81,2,Month-to-month,1,1,0
C101701,28,68.22,1,Two year,0,1,0
C101702,27,78.07,2,Month-to-month,1,0,0
C101703,18,102.24,2,Two year,1,0,0
C101704,18,69.89,1,Month-to-month,1,1,0
C101705,23,74.0,1,One year,1,0,0
C101706,55,44.5,0,Month-to-month,0,1,0
C101707,70,20.0,3,Month-to-month,0,0,0
C101708,3,77.38,2,Month-to-month,0,1,1
C101709,2,96.96,2,Month-to-month,1,0,0
C101710,38,102.54,2,One year,1,1,0
C101711,49,79.76,0,One year,1,0,0
C101712,55,79.79,2,Month-to-month,0,0,1
C101713,5,25.73,3,One year,1,0,0
C101714,37,73.51,2,One year,1,0,0
C101715,49,86.36,0,Month-to-month,1,0,0
C101716,72,97.18,1,Month-to-month,1,0,0
C101717,48,96.59,3,Two year,0,1,0
C101718,60,104.45,3,Two year,1,0,1
C101719,39,67.13,1,Two year,0,1,0
C101720,36,39.27,0,Two year,1,1,0
C101721,50,91.05,2,One year,1,1,0
C101722,45,68.92,0,Month-to-month,1,0,0
C101723,28,67.48,3,Month-to-month,1,1,0
C101724,16,95.25,1,One year,0,1,0
C101725,44,94.17,1,Month-to-month,0,1,0
C101726,55,77.98,0,One year,1,0,0
C101727,65,62.48,0,Month-to-month,1,1,0
C101728,58,109.93,3,One year,0,1,0
C101729,59,83.88,2,Month-to-month,1,1,0
C101730,37,42.34,0,Month-to-month,1,0,0
C101731,70,70.25,1,Month-to-month,0,0,0
C101732,42,50.49,2,Month-to-month,1,1,0
C101733,42,72.39,0,One year,0,1,0
C101734,47,72.15,2,Two year,1,1,0
C101735,9,32.31,4,Two year,1,1,0
C101736,3,20.0,2,One year,1,0,0
C101737,58,79.49,1,Month-to-month,1,1,0
C101738,41,20.37,1,One year,1,0,0
C101739,51,79.54,0,Two year,0,0,0
C101740,57,131.61,2,Month-to-month,1,1,0
C101741,34,114.62,3,One year,1,0,0
C101742,64,74.95,0,Month-to-month,0,1,1
C101743,25,95.22,2,One year,1,0,0
C101744,32,89.35,0,One year,1,0,0
C101745,28,100.9,0,One year,1,1,0
C101746,29,57.7,2,One year,1,0,0
C101747,57,118.95,5,Two year,0,0,1
C101748,22,110.89,1,Two year,0,0,0
C101749,3,72.72,2,Month-to-month,1,1,0
C101750,45,48.82,3,One year,0,1,0
C101751,60,41.68,1,One year,0,1,0
C101752,43,112.53,2,Month-to-month,1,0,0
C101753,67,121.75,2,Two year,1,0,0
C101754,30,90.45,2,Two year,1,1,0
C101755,32,79.79,1,One year,1,0,0
C101756,49,118.83,2,Month-to-month,1,0,1
C101757,63,65.77,2,Month-to-month,0,1,0
C101758,10,77.19,2,Month-to-month,0,0,0
C101759,59,76.55,0,One year,0,0,0
C101760,5,69.86,2,One year,1,1,0
C101761,63,89.13,2,One year,1,1,0
C101762,28,79.98,2,Month-to-month,1,0,0
C101763,42,63.13,3,Month-to-month,0,1,1
C101764,71,50.26,0,Month-to-month,0,0,0
C101765,50,112.45,1,Month-to-month,1,0,1
C101766,26,104.41,2,One year,1,0,0
C101767,12,134.53,1,Two year,1,0,0
C101768,36,84.28,0,Month-to-month,0,1,0
C101769,64,97.36,1,Two year,0,1,0
C101770,49,71.96,3,Month-to-month,1,0,0
C101771,38,96.9,0,One year,1,0,0
C101772,64,114.03,2,Month-to-month,0,1,0
C101773,36,52.19,1,Two year,0,0,1
C101774,44,74.38,0,One year,1,1,0
C101775,30,90.01,3,Month-to-month,1,1,0
C101776,59,55.06,4,Month-to-month,1,1,0
C101777,63,45.87,2,Month-to-month,1,0,0
C101778,47,61.08,2,One year,1,0,0
C101779,39,74.01,2,Month-to-month,0,1,1
C101780,55,51.62,1,Month-to-month,1,1,0
C101781,46,84.18,2,Two year,1,0,0
C101782,13,125.89,1,One year,1,1,0
C101783,37,103.04,0,Two year,0,0,0
C101784,53,102.09,3,Month-to-month,1,0,0
C101785,12,34.07,2,Two year,1,1,0
C101786,33,69.96,1,Two year,0,1,0
C101787,72,115.17,3,Month-to-month,1,1,0
C101788,18,65.46,1,Month-to-month,1,1,0
C101789,25,69.67,1,Two year,1,1,0
C101790,66,103.17,1,Month-to-month,1,0,0
C101791,71,88.89,2,Month-to-month,0,1,0
C101792,25,55.81,3,Two year,1,0,1
C101793,34,39.9,1,Month-to-month,1,0,0
C101794,30,67.78,0,One year,1,0,1
C101795,13,95.68,0,Two year,1,1,0
C101796,61,130.74,3,Two year,1,0,0
C101797,58,47.55,2,Month-to-month,1,1,0
C101798,69,41.76,3,One year,1,1,0
C101799,45,118.77,0,Two year,1,1,0
C101800,18,63.03,0,Month-to-month,0,0,0
C101801,45,106.94,2,Month-to-month,0,0,0
C101802,16,61.84,2,Month-to-month,0,0,0
C101803,9,132.17,1,Month-to-month,0,0,0
C101804,55,65.91,0,Month-to-month,0,1,0
C101805,58,93.22,3,Two year,1,0,1
C101806,53,56.67,3,Month-to-month,1,0,0
C101807,58,96.16,1,Month-to-month,1,1,1
C101808,16,51.86,4,One year,0,0,0
C101809,68,35.26,2,Two year,1,0,0
C101810,65,76.5,2,Month-to-month,0,1,0
C101811,28,70.49,1,One year,1,1,0
C101812,6,89.09,0,Two year,1,0,0
C101813,65,58.47,1,Month-to-month,1,0,0
C101814,45,132.7,0,Two year,1,0,0
C101815,69,86.54,1,One year,0,1,0
C101816,52,37.24,1,One year,1,0,0
C101817,64,61.43,0,One year,0,1,0
C101818,52,80.48,1,One year,0,0,0
C101819,68,69.7,3,One year,1,1,0
C101820,21,90.04,2,Month-to-month,0,1,1
C101821,6,71.0,3,One year,1,0,0
C101822,6,35.9,2,Two year,0,1,0
C101823,41,37.21,2,Month-to-month,1,0,0
C101824,21,93.65,1,Month-to-month,1,0,0
C101825,7,50.16,3,One year,1,0,0
C101826,65,82.91,0,Month-to-month,0,0,0
C101827,60,56.5,2,One year,0,0,0
C101828,12,60.86,0,Month-to-month,1,0,0
C101829,64,41.41,1,One year,0,0,0
C101830,50,96.87,2,Month-to-month,0,1,0
C101831,19,65.49,1,Month-to-month,1,0,0
C101832,56,130.08,0,Month-to-month,1,0,0
C101833,31,22.54,1,Month-to-month,0,1,0
C101834,36,44.06,1,Month-to-month,0,1,0
C101835,17,89.95,1,Month-to-month,0,0,0
C101836,22,51.01,1,Month-to-month,1,1,1
C101837,30,97.12,2,Month-to-month,1,0,1
C101838,9,67.73,2,Month-to-month,1,1,1
C101839,19,64.11,2,Month-to-month,1,0,0
C101840,7,77.27,3,Month-to-month,1,1,1
C101841,6,58.91,4,Month-to-month,1,0,0
C101842,27,95.81,6,Month-to-month,1,1,1
C101843,29,20.0,0,Two year,0,0,0
C101844,14,22.91,1,Month-to-month,1,0,0
C101845,30,88.85,3,One year,1,1,1
C101846,48,114.53,3,One year,1,1,0
C101847,43,67.12,0,One year,0,0,0
C101848,45,104.14,2,One year,0,1,1
C101849,23,113.99,4,Month-to-month,1,1,1
C101850,36,109.97,2,One year,1,1,0
C101851,57,20.42,2,One year,1,1,0
C101852,42,89.98,1,Month-to-month,1,0,0
C101853,68,44.55,0,Month-to-month,0,1,1
C101854,23,77.26,2,Two year,1,0,0
C101855,6,68.64,2,Two year,0,0,0
C101856,57,72.82,1,Two year,0,0,0
C101857,9,105.64,1,Month-to-month,1,0,0
C101858,13,41.6,1,Month-to-month,1,1,0
C101859,66,122.36,1,One year,0,0,0
C101860,53,83.68,2,Month-to-month,1,1,0
C101861,55,57.48,2,Month-to-month,1,0,0
C101862,9,53.25,2,One year,0,0,0
C101863,40,111.03,3,Month-to-month,1,1,0
C101864,24,24.79,3,Month-to-month,1,1,0
C101865,8,91.96,2,One year,0,1,0
C101866,12,89.31,3,Two year,0,1,0
C101867,38,117.52,1,Month-to-month,1,0,0
C101868,32,62.88,0,Two year,1,1,0
C101869,29,127.45,0,Month-to-month,0,0,0
C101870,42,124.41,1,Month-to-month,1,0,0
C101871,60,88.83,4,Month-to-month,1,1,0
C101872,53,89.93,2,Two year,0,0,0
C101873,64,101.15,1,Month-to-month,1,0,0
C101874,46,70.18,0,One year,1,1,0
C101875,64,120.36,4,Month-to-month,0,0,0
C101876,55,109.93,1,Month-to-month,1,1,0
C101877,2,61.78,1,Month-to-month,1,0,0
C101878,16,96.09,1,Month-to-month,0,1,1
C101879,42,33.93,1,Two year,1,0,0
C101880,8,37.62,6,Month-to-month,1,0,0
C101881,69,54.43,2,Month-to-month,1,0,0
C101882,47,42.02,2,One year,1,1,0
C101883,47,102.95,4,Month-to-month,1,0,1
C101884,30,94.64,1,Month-to-month,0,0,1
C101885,26,84.62,1,Month-to-month,1,1,0
C101886,17,68.48,2,Month-to-month,1,1,1
C101887,59,104.35,5,Month-to-month,1,0,0
C101888,47,121.38,2,Two year,0,0,0
C101889,21,78.77,2,Two year,0,1,0
C101890,16,92.89,1,Month-to-month,0,0,0
C101891,46,73.94,1,Month-to-month,1,1,0
C101892,7,59.02,2,Month-to-month,1,1,0
C101893,39,58.17,3,Two year,0,0,0
C101894,44,54.96,3,Month-to-month,1,0,1
C101895,4,93.28,1,Two year,1,1,0
C101896,33,105.5,3,One year,1,0,0
C101897,57,42.31,1,One year,1,1,0
C101898,8,36.67,2,Month-to-month,0,0,0
C101899,16,70.65,1,One year,1,1,0
C101900,52,89.59,3,Month-to-month,0,1,1
C101901,72,91.82,3,Month-to-month,0,0,0
C101902,25,96.76,1,Month-to-month,1,1,1
C101903,53,48.8,2,Month-to-month,0,1,0
C101904,46,42.14,1,One year,0,1,0
C101905,56,85.47,1,Month-to-month,1,0,0
C101906,64,43.36,0,Month-to-month,1,1,0
C101907,58,79.21,2,Month-to-month,1,1,1
C101908,12,98.43,2,One year,0,0,0
C101909,3,25.27,1,Two year,1,1,0
C101910,59,81.85,2,Two year,1,0,0
C101911,71,39.58,2,Month-to-month,0,0,0
C101912,23,95.68,2,One year,1,1,0
C101913,58,104.74,1,Two year,1,1,0
C101914,4,64.5,0,Two year,1,0,0
C101915,65,72.91,2,Two year,0,1,0
C101916,55,58.2,3,Two year,0,0,0
C101917,47,67.88,1,Two year,1,0,0
C101918,20,104.99,2,Month-to-month,1,0,0
C101919,55,86.27,4,Month-to-month,0,0,0
C101920,26,110.88,1,Two year,1,0,0
C101921,71,25.52,1,Two year,1,0,0
C101922,30,96.71,1,Month-to-month,1,1,1
C101923,23,83.55,3,One year,0,1,0
C101924,35,94.63,4,One year,1,0,0
C101925,62,62.54,2,Month-to-month,0,1,0
C101926,2,30.12,2,Two year,1,1,0
C101927,17,31.38,0,Month-to-month,1,1,0
C101928,12,76.3,2,Month-to-month,1,0,0
C101929,31,95.25,7,Month-to-month,1,1,0
C101930,53,68.23,2,Two year,1,0,0
C101931,47,84.75,0,Month-to-month,0,1,0
C101932,62,94.2,0,One year,1,0,0
C101933,6,23.32,1,One year,1,1,0
C101934,49,62.56,1,Two year,1,0,0
C101935,64,96.99,3,One year,1,1,0
C101936,53,135.24,1,Month-to-month,1,0,1
C101937,23,97.74,3,Two year,1,0,0
C101938,66,49.44,2,Two year,1,1,0
C101939,47,109.45,2,Month-to-month,1,0,1
C101940,56,71.56,4,Two year,0,0,0
C101941,21,69.26,0,Two year,0,1,0
C101942,27,42.31,1,Two year,0,0,0
C101943,5,127.04,0,One year,1,0,0
C101944,29,43.41,2,Month-to-month,1,0,0
C101945,30,67.07,2,Month-to-month,1,1,0
C101946,38,66.98,0,Month-to-month,1,0,0
C101947,51,71.64,1,One year,0,1,0
C101948,8,106.05,0,Month-to-month,1,0,1
C101949,63,68.8,1,One year,0,0,0
C101950,46,106.83,2,Month-to-month,1,0,0
C101951,50,83.32,1,Month-to-month,0,1,0
C101952,39,83.67,4,Two year,0,1,0
C101953,30,99.03,0,Two year,0,0,0
C101954,24,79.16,2,Month-to-month,0,1,0
C101955,61,82.84,0,One year,1,0,0
C101956,9,108.96,0,Month-to-month,0,0,0
C101957,17,48.11,2,Month-to-month,0,0,1
C101958,14,90.72,1,Month-to-month,0,0,0
C101959,10,139.01,1,Month-to-month,0,0,0
C101960,34,65.58,2,One year,0,0,0
C101961,5,103.72,4,One year,1,1,0
C101962,57,57.01,1,Two year,0,0,1
C101963,28,81.54,2,Month-to-month,0,0,1
C101964,7,56.84,3,Two year,0,1,0
C101965,63,112.31,2,Two year,0,1,0
C101966,48,91.25,0,Two year,0,1,0
C101967,52,23.98,4,One year,0,1,0
C101968,56,83.83,1,Month-to-month,0,0,0
C101969,33,82.8,2,Month-to-month,0,0,0
C101970,47,88.56,1,Month-to-month,0,1,1
C101971,2,124.63,3,One year,0,0,0
C101972,51,59.36,1,Month-to-month,0,1,0
C101973,41,88.14,1,One year,1,0,0
C101974,25,20.0,4,Month-to-month,0,1,0
C101975,34,112.11,4,Month-to-month,1,1,1
C101976,4,36.68,3,One year,1,1,0
C101977,64,55.47,5,Month-to-month,1,1,0
C101978,15,77.89,4,One year,1,0,0
C101979,59,90.07,2,Month-to-month,1,0,0
C101980,47,52.22,0,Two year,0,0,0
C101981,10,121.55,0,Two year,1,1,1
C101982,53,71.95,4,Two year,1,1,0
C101983,33,109.03,3,Month-to-month,1,0,0
C101984,18,53.06,4,Two year,0,0,1
C101985,53,158.77,2,Month-to-month,0,1,0
C101986,53,76.85,2,Month-to-month,1,0,0
C101987,70,76.72,2,One year,1,0,0
C101988,70,88.26,5,Month-to-month,1,0,0
C101989,50,73.05,2,One year,0,0,0
C101990,4,101.56,3,One year,1,0,0
C101991,16,83.27,2,Two year,0,1,0
C101992,24,67.47,0,Month-to-month,1,1,0
C101993,62,75.13,0,Month-to-month,1,0,0
C101994,26,58.88,2,Month-to-month,1,0,0
C101995,53,70.73,0,One year,1,1,0
C101996,2,20.0,1,Month-to-month,0,0,0
C101997,4,40.26,1,Two year,0,0,0
C101998,34,78.48,3,One year,0,1,0
C101999,22,76.12,2,Month-to-month,1,1,0
C102000,35,113.65,2,Month-to-month,0,1,1
C102001,62,100.58,1,One year,0,1,0
C102002,40,87.76,1,Month-to-month,1,1,0
C102003,16,59.21,0,Month-to-month,0,1,0
C102004,25,93.5,4,Month-to-month,0,0,0
C102005,52,64.83,3,Month-to-month,0,1,1
C102006,66,73.72,3,Month-to-month,0,0,1
C102007,38,23.26,1,Month-to-month,1,0,0
C102008,24,80.83,1,Two year,1,0,0
C102009,27,74.64,2,Month-to-month,1,1,0
C102010,15,86.45,1,Month-to-month,1,1,0
C102011,12,75.76,1,Month-to-month,1,1,0
C102012,44,31.87,2,Month-to-month,0,0,0
C102013,55,99.19,3,One year,1,1,0
C102014,62,80.2,1,Month-to-month,1,1,0
C102015,55,110.63,2,Month-to-month,0,0,0
C102016,28,20.09,1,Month-to-month,1,1,0
C102017,21,71.4,2,Month-to-month,0,0,1
C102018,23,109.51,3,Month-to-month,1,0,0
C102019,42,41.06,2,Month-to-month,0,0,0
C102020,37,106.29,1,Month-to-month,0,0,1
C102021,58,111.49,5,One year,0,1,0
C102022,40,91.43,2,Month-to-month,0,0,0
C102023,10,56.42,1,Month-to-month,1,1,0
C102024,66,53.59,3,One year,0,1,0
C102025,71,81.23,1,Month-to-month,0,0,1
C102026,48,98.85,2,Two year,0,0,0
C102027,59,130.93,1,Month-to-month,1,1,0
C102028,52,93.22,1,One year,1,0,0
C102029,70,56.78,2,Month-to-month,1,1,0
C102030,54,111.51,1,One year,0,0,0
C102031,35,124.96,6,One year,1,1,1
C102032,30,89.34,1,Two year,1,1,0
C102033,49,94.86,1,Month-to-month,0,0,1
C102034,2,102.27,0,Month-to-month,1,0,0
C102035,40,20.0,2,Two year,1,1,0
C102036,12,83.39,1,Month-to-month,0,0,0
C102037,39,72.3,3,Month-to-month,1,0,0
C102038,27,51.86,2,Month-to-month,0,1,0
C102039,18,89.98,2,Month-to-month,1,1,0
C102040,66,88.13,4,Month-to-month,1,1,0
C102041,54,89.6,0,One year,1,0,0
C102042,26,90.16,1,One year,1,0,0
C102043,54,93.12,0,One year,0,1,0
C102044,32,88.52,2,One year,1,1,1
C102045,71,74.61,3,Two year,1,0,0
C102046,12,50.41,4,Month-to-month,0,1,0
C102047,11,146.45,2,Month-to-month,1,0,0
C102048,4,105.77,3,One year,1,1,0
C102049,51,102.94,1,One year,1,0,0
C102050,23,91.28,2,Month-to-month,0,1,1
C102051,4,103.99,1,Two year,1,0,0
C102052,55,80.07,3,Month-to-month,1,1,1
C102053,67,97.59,3,Month-to-month,1,0,0
C102054,35,24.35,3,One year,1,1,0
C102055,16,110.67,1,Month-to-month,0,0,0
C102056,19,80.15,1,Month-to-month,1,0,0
C102057,10,66.08,3,Month-to-month,1,0,1
C102058,33,87.02,2,One year,1,1,0
C102059,34,90.36,1,Two year,1,1,1
C102060,64,101.83,2,One year,1,1,0
C102061,6,99.46,0,Two year,0,0,0
C102062,47,120.2,1,One year,0,0,0
C102063,18,62.59,2,Month-to-month,0,1,0
C102064,48,85.01,5,Month-to-month,1,0,0
C102065,40,78.86,0,Two year,0,1,0
C102066,63,34.6,2,Month-to-month,0,0,0
C102067,17,95.36,4,Month-to-month,0,1,0
C102068,63,78.08,1,One year,1,1,0
C102069,21,100.29,1,Two year,0,1,1
C102070,66,102.77,2,Two year,0,1,0
C102071,34,67.53,1,One year,0,1,1
C102072,34,130.08,2,Month-to-month,1,1,0
C102073,56,48.8,1,One year,0,0,0
C102074,62,39.1,1,One year,0,0,0
C102075,35,58.28,1,One year,1,1,0
C102076,33,66.08,3,Two year,1,0,0
C102077,66,67.82,2,Month-to-month,1,1,1
C102078,56,97.56,1,One year,0,1,0
C102079,42,66.83,3,Two year,1,1,0
C102080,30,91.98,2,Month-to-month,0,1,0
C102081,54,39.57,4,Month-to-month,1,1,1
C102082,20,89.27,2,Month-to-month,0,0,0
C102083,55,59.86,1,Month-to-month,0,1,1
C102084,4,85.53,1,Month-to-month,0,1,0
C102085,66,68.37,4,Month-to-month,0,1,0
C102086,3,68.33,4,Two year,0,1,0
C102087,60,81.15,1,One year,1,1,0
C102088,69,94.64,4,One year,1,1,0
C102089,41,127.93,1,Month-to-month,1,1,0
C102090,17,91.07,2,Month-to-month,0,0,0
C102091,47,97.95,2,One year,1,0,0
C102092,44,97.64,1,One year,0,1,0
C102093,32,49.91,3,One year,1,0,0
C102094,9,83.93,1,One year,0,0,0
C102095,55,63.0,1,Month-to-month,1,1,0
C102096,20,136.35,3,Month-to-month,1,0,0
C102097,72,94.7,3,Two year,1,1,0
C102098,54,45.99,4,Month-to-month,1,0,0
C102099,64,61.73,3,Two year,1,0,0
C102100,59,54.78,3,One year,0,1,0
C102101,61,85.95,3,Month-to-month,0,1,0
C102102,37,75.71,2,Month-to-month,1,0,1
C102103,72,78.8,1,Two year,0,0,0
C102104,11,64.49,2,Month-to-month,0,0,1
C102105,3,70.54,5,Month-to-month,0,1,0
C102106,20,103.91,2,Month-to-month,1,1,1
C102107,51,92.51,4,One year,1,1,0
C102108,61,55.35,3,One year,1,0,0
C102109,31,80.23,3,Month-to-month,0,0,0
C102110,69,41.94,4,One year,1,0,0
C102111,23,91.17,2,One year,1,0,0
C102112,67,74.99,4,Two year,1,1,0
C102113,20,62.91,3,One year,1,1,0
C102114,9,37.15,3,Month-to-month,0,0,1
C102115,44,72.81,3,One year,1,0,1
C102116,58,93.2,1,Month-to-month,1,1,0
C102117,39,67.81,2,Two year,1,0,0
C102118,56,101.15,1,One year,1,0,0
C102119,33,45.12,1,One year,1,0,0
C102120,71,66.57,5,One year,1,0,0
C102121,46,75.09,2,Month-to-month,1,0,0
C102122,24,97.69,1,Month-to-month,1,0,0
C102123,60,117.42,2,Month-to-month,0,1,1
C102124,62,105.24,4,Month-to-month,1,0,0
C102125,3,102.9,2,One year,0,0,0
C102126,25,109.94,0,Month-to-month,0,1,0
C102127,34,32.73,3,One year,1,1,0
C102128,4,21.63,3,Month-to-month,0,1,0
C102129,69,63.07,3,Month-to-month,1,0,0
C102130,10,92.5,3,Month-to-month,1,1,0
C102131,38,100.23,4,Month-to-month,1,0,0
C102132,72,87.47,5,Month-to-month,1,0,0
C102133,70,74.8,3,One year,1,1,0
C102134,69,88.28,1,One year,0,1,0
C102135,5,67.45,1,Month-to-month,1,0,0
C102136,31,110.02,2,Two year,0,0,0
C102137,53,98.45,2,Month-to-month,1,1,0
C102138,67,120.25,5,Month-to-month,0,0,1
C102139,8,123.41,2,Two year,0,1,0
C102140,44,86.53,2,Month-to-month,0,0,1
C102141,13,110.54,1,Two year,1,0,0
C102142,1,72.7,3,Month-to-month,1,1,0
C102143,3,86.15,1,Two year,1,1,0
C102144,50,102.87,1,Month-to-month,0,0,1
C102145,31,125.33,2,One year,0,1,0
C102146,64,98.22,3,One year,1,1,0
C102147,45,78.89,4,One year,1,0,0
C102148,9,78.53,3,Month-to-month,1,0,0
C102149,58,117.01,2,Month-to-month,1,1,0
C102150,33,76.12,2,One year,1,1,0
C102151,31,85.8,1,One year,1,1,0
C102152,54,69.73,3,Month-to-month,1,1,0
C102153,22,85.14,0,Month-to-month,1,1,0
C102154,42,62.48,2,Month-to-month,1,1,0
C102155,69,92.34,3,Two year,1,0,1
C102156,18,60.85,2,One year,1,0,0
C102157,72,78.05,6,One year,0,1,0
C102158,24,83.15,0,One year,1,0,0
C102159,47,76.41,0,Month-to-month,1,0,0
C102160,63,70.77,0,One year,1,0,0
C102161,3,72.71,2,Two year,0,0,0
C102162,48,80.16,2,One year,1,0,0
C102163,42,55.28,1,One year,1,0,0
C102164,69,57.27,4,Month-to-month,1,0,1
C102165,31,101.36,1,Month-to-month,0,1,0
C102166,52,86.32,1,One year,0,0,0
C102167,26,75.1,3,Month-to-month,0,0,0
C102168,60,93.42,2,One year,1,0,0
C102169,2,85.88,1,Two year,0,1,0
C102170,2,94.45,3,One year,0,1,0
C102171,41,76.03,0,One year,0,1,0
C102172,41,82.45,0,Month-to-month,1,1,0
C102173,57,77.17,1,Month-to-month,1,0,1
C102174,13,80.0,2,One year,1,0,0
C102175,66,81.82,4,Month-to-month,0,1,1
C102176,26,73.14,2,One year,1,1,0
C102177,50,56.05,2,Month-to-month,1,0,0
C102178,37,76.8,0,Month-to-month,1,1,0
C102179,13,94.11,4,One year,1,0,0
C102180,38,90.81,3,One year,1,0,0
C102181,5,86.6,1,Month-to-month,1,0,1
C102182,42,93.11,2,One year,1,1,0
C102183,55,40.99,0,Month-to-month,0,1,0
C102184,72,93.62,2,One year,1,0,0
C102185,7,79.51,2,One year,0,0,0
C102186,7,56.99,5,Month-to-month,1,1,0
C102187,27,52.44,3,One year,0,0,0
C102188,54,45.38,4,Month-to-month,1,0,1
C102189,23,129.21,1,One year,1,1,0
C102190,70,118.2,4,One year,0,0,0
C102191,68,82.91,1,Month-to-month,1,0,0
C102192,56,100.83,1,Month-to-month,1,0,0
C102193,39,74.57,2,One year,0,0,0
C102194,9,53.03,2,Month-to-month,1,0,0
C102195,60,67.28,2,Month-to-month,0,0,0
C102196,2,56.91,1,Month-to-month,1,1,0
C102197,44,67.89,1,One year,1,0,0
C102198,1,65.75,1,Month-to-month,0,1,0
C102199,54,73.26,2,Two year,1,0,0
C102200,4,94.22,2,Month-to-month,1,1,0
C102201,38,45.09,2,One year,0,1,0
C102202,37,20.0,3,Two year,0,0,0
C102203,39,100.42,1,One year,1,1,0
C102204,28,63.15,2,Month-to-month,1,1,0
C102205,13,78.13,1,One year,1,0,0
C102206,65,31.28,2,Month-to-month,1,0,1
C102207,28,63.41,0,One year,0,0,0
C102208,18,111.14,4,One year,0,0,1
C102209,66,76.39,0,Two year,0,0,0
C102210,57,62.05,1,One year,1,0,0
C102211,6,90.87,1,Month-to-month,0,1,0
C102212,22,115.24,4,Month-to-month,0,0,1
C102213,18,58.28,2,One year,1,1,0
C102214,48,101.56,4,Month-to-month,0,1,0
C102215,24,38.7,3,Month-to-month,0,1,0
C102216,69,127.88,4,Two year,1,1,0
C102217,51,77.49,1,Month-to-month,0,1,0
C102218,20,69.58,2,One year,1,0,0
C102219,67,70.08,2,One year,1,1,0
C102220,4,77.41,0,Month-to-month,0,1,0
C102221,15,90.92,4,One year,1,0,1
C102222,62,74.01,1,Month-to-month,1,0,0
C102223,45,121.35,2,One year,1,0,0
C102224,60,107.51,1,Two year,1,0,0
C102225,17,65.9,1,Month-to-month,0,1,0
C102226,70,56.78,1,Month-to-month,0,0,1
C102227,42,80.92,1,Month-to-month,1,0,0
C102228,41,86.66,4,Month-to-month,1,1,0
C102229,37,67.33,1,Month-to-month,0,0,0
C102230,44,74.94,2,Month-to-month,1,1,0
C102231,34,92.66,0,Month-to-month,0,1,1
C102232,11,106.99,1,Month-to-month,0,0,0
C102233,9,57.18,2,Month-to-month,1,0,0
C102234,22,24.24,4,Month-to-month,1,0,1
C102235,30,67.58,2,One year,0,0,0
C102236,14,30.49,1,One year,1,1,0
C102237,67,51.37,0,One year,0,1,1
C102238,61,20.0,4,Month-to-month,1,1,0
C102239,61,114.86,1,Two year,1,1,0
C102240,28,27.96,4,Two year,1,0,0
C102241,39,132.31,2,One year,1,1,0
C102242,26,29.94,0,Two year,1,0,0
C102243,19,101.52,0,One year,1,0,0
C102244,13,66.46,1,Month-to-month,1,1,0
C102245,64,99.79,2,One year,0,0,0
C102246,71,97.58,0,Month-to-month,1,0,0
C102247,70,48.75,1,One year,0,0,0
C102248,52,121.11,1,Month-to-month,0,0,0
C102249,13,40.77,2,Month-to-month,0,1,1
C102250,67,68.81,1,One year,1,1,0
C102251,18,125.65,1,Month-to-month,1,1,0
C102252,50,87.03,4,One year,0,0,0
C102253,33,71.85,1,Month-to-month,1,0,0
C102254,16,77.35,2,One year,1,1,0
C102255,49,83.43,1,One year,0,1,0
C102256,56,105.41,1,One year,1,0,1
C102257,29,92.5,1,Month-to-month,0,0,1
C102258,53,67.31,1,One year,1,0,0
C102259,16,92.86,4,Month-to-month,1,0,1
C102260,55,23.5,2,Two year,0,1,0
C102261,23,91.44,8,Month-to-month,1,1,1
C102262,8,64.72,1,One year,0,0,0
C102263,62,69.89,1,Two year,1,0,0
C102264,15,90.36,1,Month-to-month,0,1,0
C102265,52,99.14,1,One year,0,1,0
C102266,41,47.26,2,Two year,1,1,0
C102267,43,79.97,0,Month-to-month,1,1,0
C102268,17,41.17,1,One year,0,0,0
C102269,4,86.91,1,Two year,1,1,0
C102270,42,39.56,2,One year,1,0,0
C102271,22,49.7,3,One year,1,0,1
C102272,16,98.92,2,One year,1,1,0
C102273,67,71.77,1,Month-to-month,0,1,0
C102274,26,79.64,2,Month-to-month,1,1,0
C102275,66,57.01,0,Month-to-month,1,1,0
C102276,69,95.3,1,Month-to-month,1,1,0
C102277,27,41.96,3,One year,0,1,0
C102278,59,71.32,1,Month-to-month,1,0,0
C102279,6,69.7,3,Month-to-month,1,1,1
C102280,49,83.47,2,Two year,1,0,0
C102281,48,76.89,1,Two year,1,0,0
C102282,46,77.23,2,Month-to-month,0,1,0
C102283,44,48.19,1,Month-to-month,0,1,0
C102284,50,32.21,0,Two year,1,0,0
C102285,20,74.94,2,One year,0,0,0
C102286,26,75.55,1,Month-to-month,1,0,0
C102287,58,53.86,0,Month-to-month,1,1,0
C102288,32,22.85,3,One year,0,0,1
C102289,51,117.12,2,Month-to-month,1,0,0
C102290,38,85.11,3,Month-to-month,0,1,0
C102291,64,94.86,4,Month-to-month,0,1,1
C102292,21,75.57,1,Month-to-month,1,1,0
C102293,49,27.51,2,Month-to-month,1,0,0
C102294,43,44.34,2,One year,0,0,0
C102295,2,86.61,2,Two year,0,0,1
C102296,46,106.79,2,Two year,1,0,1
C102297,62,69.21,3,One year,1,0,0
C102298,63,97.13,1,Two year,0,1,0
C102299,69,20.0,2,Month-to-month,1,0,0
C102300,56,35.31,1,Two year,1,1,0
C102301,7,81.33,0,Month-to-month,1,1,0
C102302,50,86.33,2,Month-to-month,1,1,1
C102303,30,61.77,2,Month-to-month,1,0,0
C102304,33,113.24,1,Month-to-month,1,0,0
C102305,22,37.57,1,Month-to-month,1,0,0
C102306,43,77.84,8,Month-to-month,1,0,0
C102307,42,72.04,2,Month-to-month,0,0,1
C102308,63,64.6,1,Two year,1,1,0
C102309,15,92.57,2,Month-to-month,1,0,0
C102310,18,71.12,1,One year,0,0,0
C102311,29,20.0,2,One year,1,0,1
C102312,49,76.71,0,Month-to-month,0,0,0
C102313,71,93.36,2,Two year,1,0,0
C102314,10,39.06,3,Month-to-month,1,0,0
C102315,11,97.2,3,Two year,1,1,0
C102316,69,74.36,0,One year,0,1,0
C102317,72,39.88,2,One year,1,1,0
C102318,66,82.35,1,Month-to-month,0,0,1
C102319,9,42.42,4,Two year,1,0,0
C102320,34,82.41,1,One year,1,0,0
C102321,59,97.75,1,Two year,1,1,0
C102322,10,146.11,1,One year,1,1,0
C102323,40,89.05,3,Two year,0,0,0
C102324,20,51.81,4,Month-to-month,1,0,0
C102325,24,23.41,4,Month-to-month,1,0,0
C102326,10,91.86,2,Month-to-month,1,0,1
C102327,52,61.73,1,Month-to-month,0,0,0
C102328,69,20.0,1,Two year,1,1,0
C102329,39,60.29,0,One year,0,0,0
C102330,18,44.64,1,Two year,0,1,0
C102331,53,130.92,2,Month-to-month,1,0,0
C102332,45,48.8,1,Month-to-month,1,0,1
C102333,46,68.81,1,Two year,1,0,0
C102334,59,75.12,3,Two year,0,0,0
C102335,23,81.79,2,Month-to-month,0,1,1
C102336,14,106.2,0,Month-to-month,0,0,0
C102337,9,86.55,4,Month-to-month,1,0,1
C102338,70,62.49,3,Month-to-month,1,0,0
C102339,5,59.22,1,Month-to-month,0,1,0
C102340,8,56.94,2,Month-to-month,1,0,0
C102341,44,133.51,1,Two year,1,1,0
C102342,55,75.72,2,Month-to-month,1,1,0
C102343,49,83.74,1,One year,1,0,0
C102344,63,77.33,0,One year,1,0,0
C102345,1,27.2,2,Month-to-month,1,1,0
C102346,71,120.19,4,Month-to-month,1,0,1
C102347,24,49.59,4,Month-to-month,1,1,0
C102348,54,73.85,0,Two year,0,0,0
C102349,14,84.14,3,Month-to-month,1,0,0
C102350,27,42.01,1,One year,1,1,0
C102351,11,69.29,4,Month-to-month,1,0,0
C102352,56,84.69,2,Month-to-month,1,0,0
C102353,2,128.38,1,Month-to-month,1,0,0
C102354,19,39.25,1,One year,0,0,0
C102355,26,97.63,1,Month-to-month,0,1,0
C102356,50,106.65,1,One year,1,0,0
C102357,41,47.38,1,Month-to-month,1,0,0
C102358,65,85.73,1,Month-to-month,0,0,0
C102359,30,108.25,6,Two year,1,1,1
C102360,59,114.0,2,Two year,0,1,0
C102361,6,47.97,0,Two year,0,1,0
C102362,48,81.88,1,Month-to-month,0,0,1
C102363,37,131.53,1,Two year,0,0,0
C102364,56,52.37,2,Month-to-month,0,1,0
C102365,48,106.23,2,One year,1,0,0
C102366,66,113.18,1,Two year,0,1,0
C102367,32,125.97,0,One year,0,0,0
C102368,38,46.4,1,Two year,0,0,0
C102369,1,70.39,2,One year,1,0,1
C102370,15,99.14,2,Month-to-month,0,0,0
C102371,44,92.39,1,Two year,0,0,0
C102372,21,25.71,2,One year,1,1,0
C102373,57,122.89,1,Two year,1,1,0
C102374,5,58.81,4,Month-to-month,0,1,0
C102375,28,49.92,0,Month-to-month,1,1,0
C102376,16,112.19,2,Month-to-month,1,0,0
C102377,35,67.81,1,Month-to-month,1,0,1
C102378,68,125.94,2,One year,1,0,0
C102379,69,73.34,0,Two year,0,0,0
C102380,20,78.02,2,One year,1,1,0
C102381,68,70.2,0,Two year,1,0,0
C102382,4,45.12,2,Month-to-month,1,1,0
C102383,15,96.61,2,Month-to-month,0,0,0
C102384,5,102.62,3,Month-to-month,0,0,1
C102385,35,97.52,2,One year,1,0,0
C102386,33,94.24,1,Two year,1,0,0
C102387,52,110.23,0,One year,1,0,0
C102388,31,65.65,1,Two year,0,1,0
C102389,21,107.88,2,One year,0,0,1
C102390,1,97.5,3,Month-to-month,1,1,0
C102391,35,75.14,0,One year,0,0,0
C102392,5,63.06,2,Month-to-month,1,1,0
C102393,27,70.7,1,Two year,1,1,0
C102394,18,45.64,2,One year,0,0,0
C102395,17,96.64,1,Month-to-month,0,1,0
C102396,46,85.35,1,Month-to-month,1,0,0
C102397,39,77.69,2,Month-to-month,1,1,0
C102398,2,85.92,4,Month-to-month,0,0,1
C102399,13,118.72,1,Two year,0,1,0
C102400,14,82.53,2,Month-to-month,0,0,0
C102401,62,105.66,1,Month-to-month,1,0,0
C102402,23,102.86,1,Month-to-month,1,0,1
C102403,53,62.33,1,Month-to-month,1,0,0
C102404,3,107.37,0,Month-to-month,1,1,1
C102405,15,87.6,1,Two year,1,1,0
C102406,24,89.56,3,One year,1,0,0
C102407,22,72.63,3,Month-to-month,1,0,0
C102408,9,37.06,2,Two year,0,0,0
C102409,67,21.45,0,Two year,1,0,0
C102410,54,43.53,1,Month-to-month,0,0,0
C102411,57,88.0,2,Month-to-month,1,1,0
C102412,1,61.5,1,Month-to-month,0,0,0
C102413,48,52.27,1,Month-to-month,0,1,1
C102414,58,79.4,4,Month-to-month,0,0,0
C102415,53,60.68,1,Month-to-month,1,0,0
C102416,43,105.2,3,Month-to-month,1,1,1
C102417,51,108.68,1,Month-to-month,1,1,0
C102418,19,106.31,0,Month-to-month,1,0,0
C102419,6,93.09,2,Two year,0,0,0
C102420,13,52.47,1,One year,0,0,0
C102421,8,82.56,0,Month-to-month,1,1,0
C102422,63,81.21,1,Two year,0,0,0
C102423,28,90.03,0,Month-to-month,0,1,0
C102424,45,75.82,3,Two year,1,1,0
C102425,57,88.65,2,Two year,0,0,0
C102426,18,76.16,1,Two year,1,0,0
C102427,15,108.57,3,Month-to-month,0,1,0
C102428,39,49.34,2,Month-to-month,1,0,0
C102429,45,80.92,6,Month-to-month,1,0,0
C102430,32,81.52,1,Month-to-month,0,0,0
C102431,39,57.36,1,Two year,1,1,0
C102432,48,59.99,3,Month-to-month,1,1,0
C102433,72,58.56,2,One year,1,0,0
C102434,60,95.57,3,Month-to-month,0,0,1
C102435,46,52.59,3,Month-to-month,0,0,0
C102436,18,49.44,1,Two year,0,0,0
C102437,21,47.29,1,One year,0,0,0
C102438,3,77.98,4,One year,1,0,1
C102439,39,44.55,1,Month-to-month,1,0,0
C102440,21,66.08,2,Month-to-month,1,1,0
C102441,61,88.1,3,One year,1,0,0
C102442,61,98.31,3,Month-to-month,0,1,0
C102443,18,128.06,1,Two year,1,0,0
C102444,49,70.57,2,Month-to-month,0,0,0
C102445,26,95.81,2,Two year,0,0,0
C102446,57,85.75,1,Month-to-month,1,0,0
C102447,56,67.27,3,One year,1,0,0
C102448,9,59.35,3,One year,1,1,0
C102449,40,85.7,2,Month-to-month,0,0,0
C102450,6,93.53,1,One year,1,1,0
C102451,18,70.37,0,One year,0,1,0
C102452,25,74.47,3,One year,1,0,0
C102453,41,114.85,4,One year,0,0,0
C102454,12,121.75,1,Month-to-month,1,1,0
C102455,20,68.32,2,One year,1,0,0
C102456,18,85.75,0,Month-to-month,0,0,0
C102457,1,99.99,2,Month-to-month,0,1,1
C102458,11,76.8,1,Two year,1,1,1
C102459,17,63.65,3,Month-to-month,1,0,0
C102460,59,84.33,3,Month-to-month,1,1,0
C102461,28,98.41,1,One year,0,0,0
C102462,27,86.8,3,One year,1,0,1
C102463,44,79.44,4,One year,1,0,0
C102464,20,45.08,1,Month-to-month,1,1,1
C102465,9,85.52,2,One year,1,0,0
C102466,37,66.11,2,One year,1,1,0
C102467,32,87.63,3,Month-to-month,1,0,0
C102468,45,61.56,4,Month-to-month,1,0,1
C102469,36,67.08,2,One year,1,0,0
C102470,57,125.73,0,Month-to-month,1,1,0
C102471,63,84.96,3,Two year,0,1,1
C102472,35,20.0,1,One year,1,0,0
C102473,28,111.96,0,Month-to-month,1,0,0
C102474,12,42.54,3,Month-to-month,0,0,0
C102475,6,56.4,2,One year,1,1,0
C102476,68,75.85,2,Month-to-month,1,0,0
C102477,66,105.82,3,Month-to-month,0,0,0
C102478,30,85.14,0,Month-to-month,1,0,0
C102479,33,34.93,3,Month-to-month,1,0,1
C102480,71,90.2,2,Month-to-month,1,1,0
C102481,17,66.2,1,Month-to-month,1,1,0
C102482,57,71.41,0,Month-to-month,1,0,0
C102483,8,64.04,1,Month-to-month,0,1,0
C102484,67,53.04,3,One year,0,0,0
C102485,11,53.31,1,Month-to-month,0,0,0
C102486,61,97.79,2,One year,1,0,0
C102487,67,56.88,0,One year,0,1,0
C102488,48,45.27,0,Month-to-month,1,0,1
C102489,61,59.16,2,Two year,0,0,0
C102490,23,74.94,1,One year,1,0,0
C102491,27,90.56,1,Month-to-month,0,1,1
C102492,39,86.21,1,One year,1,1,0
C102493,61,73.32,2,Month-to-month,1,0,0
C102494,41,55.74,3,Month-to-month,1,1,0
C102495,50,50.5,2,One year,0,1,0
C102496,8,102.19,2,Two year,1,1,1
C102497,8,92.25,4,Month-to-month,0,0,0
C102498,4,91.7,0,Month-to-month,0,0,1
C102499,13,84.52,1,One year,1,1,0
C102500,63,87.49,3,One year,0,0,0
C102501,47,80.13,3,Month-to-month,1,1,0
C102502,44,58.23,2,Two year,1,0,0
C102503,34,124.15,0,Month-to-month,1,1,0
C102504,14,40.29,0,Two year,0,0,0
C102505,56,43.31,1,One year,1,0,0
C102506,30,90.59,1,Month-to-month,0,1,0
C102507,68,86.46,0,Two year,1,1,0
C102508,61,130.07,4,Month-to-month,1,1,0
C102509,36,85.64,5,One year,1,0,0
C102510,22,80.78,0,One year,1,0,0
C102511,8,104.39,2,Month-to-month,1,0,0
C102512,72,142.07,2,One year,1,0,0
C102513,54,93.61,2,One year,1,1,0
C102514,40,44.02,3,One year,1,0,0
C102515,52,133.34,2,Month-to-month,1,0,0
C102516,4,81.07,3,One year,0,0,0
C102517,47,82.92,5,Two year,0,0,0
C102518,30,21.21,0,Two year,0,0,0
C102519,11,58.69,2,Month-to-month,1,0,1
C102520,40,53.46,0,Two year,0,1,0
C102521,64,65.7,2,One year,0,1,0
C102522,38,99.94,0,Two year,1,0,0
C102523,65,30.15,3,One year,1,0,0
C102524,7,22.23,1,Month-to-month,1,1,0
C102525,7,117.34,2,One year,0,1,0
C102526,32,90.65,0,One year,0,0,0
C102527,60,74.43,5,One year,0,0,1
C102528,33,93.8,3,One year,1,1,0
C102529,66,70.32,1,Month-to-month,0,0,0
C102530,66,50.27,0,Month-to-month,1,1,0
C102531,67,44.14,0,One year,0,1,0
C102532,60,79.01,2,Two year,0,1,1
C102533,19,79.52,2,Month-to-month,0,1,0
C102534,9,55.7,1,One year,0,1,0
C102535,62,98.47,1,Month-to-month,1,1,0
C102536,72,97.73,4,One year,1,1,0
C102537,32,36.79,1,Month-to-month,1,0,0
C102538,1,107.27,4,One year,1,1,0
C102539,14,73.02,0,Two year,0,1,0
C102540,19,63.41,1,Month-to-month,0,0,1
C102541,20,92.98,0,Two year,1,1,0
C102542,33,66.88,0,Month-to-month,1,1,0
C102543,55,27.13,0,Month-to-month,1,1,0
C102544,52,63.03,3,Month-to-month,0,1,0
C102545,49,56.46,1,Month-to-month,0,0,0
C102546,51,69.19,0,Month-to-month,1,0,0
C102547,45,88.28,1,One year,0,1,0
C102548,12,54.6,3,One year,1,0,0
C102549,51,110.78,1,Two year,1,0,0
C102550,27,79.82,4,Month-to-month,1,0,1
C102551,60,91.24,1,Two year,1,0,0
C102552,9,63.31,3,Month-to-month,1,0,0
C102553,15,112.74,1,Two year,1,1,0
C102554,37,99.68,5,Two year,1,0,1
C102555,22,43.03,3,Two year,0,1,0
C102556,58,70.5,1,Month-to-month,0,0,0
C102557,34,139.32,0,One year,1,1,0
C102558,4,122.2,1,Month-to-month,0,0,0
C102559,38,82.11,1,Month-to-month,1,0,0
C102560,59,108.14,0,Month-to-month,1,0,0
C102561,55,67.78,1,Month-to-month,0,1,0
C102562,67,104.49,3,Month-to-month,1,0,1
C102563,57,46.68,1,Month-to-month,1,0,0
C102564,54,38.37,0,Two year,1,0,0
C102565,27,134.4,2,One year,0,0,0
C102566,24,92.97,1,Month-to-month,1,0,0
C102567,45,59.41,0,Month-to-month,1,0,1
C102568,66,96.52,3,One year,1,1,0
C102569,27,89.76,2,Month-to-month,0,1,1
C102570,46,33.94,3,One year,1,0,0
C102571,27,86.1,1,Month-to-month,1,1,1
C102572,45,97.65,1,Two year,1,1,0
C102573,11,123.63,4,One year,0,1,0
C102574,39,66.85,1,One year,1,1,0
C102575,49,27.65,0,Two year,1,1,0
C102576,7,55.23,1,Month-to-month,1,1,0
C102577,5,57.17,3,Two year,0,1,0
C102578,43,65.2,3,Month-to-month,0,0,0
C102579,25,79.0,4,Month-to-month,0,0,1
C102580,63,83.95,5,Month-to-month,0,1,0
C102581,72,128.98,5,Two year,0,0,0
C102582,24,25.22,1,Month-to-month,1,0,1
C102583,57,20.0,1,Month-to-month,0,1,0
C102584,8,66.46,2,One year,1,0,1
C102585,23,43.48,1,One year,1,0,0
C102586,43,65.06,1,One year,1,0,0
C102587,20,29.16,2,Month-to-month,1,1,0
C102588,34,118.41,0,One year,0,1,0
C102589,61,123.08,3,Two year,0,0,1
C102590,13,76.73,3,Month-to-month,1,0,0
C102591,36,126.33,1,Month-to-month,0,1,1
C102592,48,144.15,2,One year,1,0,0
C102593,15,74.1,2,Month-to-month,1,1,1
C102594,27,91.51,0,Month-to-month,1,0,1
C102595,44,41.0,1,One year,0,0,0
C102596,72,61.27,2,Two year,1,0,0
C102597,17,113.6,0,Month-to-month,1,1,0
C102598,46,94.75,2,Month-to-month,0,1,0
C102599,22,77.45,2,Month-to-month,0,1,0
C102600,37,87.85,3,Month-to-month,1,1,0
C102601,35,101.52,2,One year,1,0,1
C102602,68,109.57,3,Month-to-month,1,1,0
C102603,33,71.64,3,One year,1,0,0
C102604,71,68.38,0,One year,0,1,1
C102605,69,82.18,2,Month-to-month,1,1,0
C102606,33,52.91,0,One year,0,0,0
C102607,49,67.77,2,Two year,0,1,0
C102608,21,99.26,2,Month-to-month,1,0,0
C102609,17,89.08,3,Two year,1,0,0
C102610,54,112.9,1,Month-to-month,1,0,0
C102611,70,66.67,2,Two year,0,0,1
C102612,17,120.13,1,Two year,1,1,0
C102613,16,63.93,4,Month-to-month,1,0,1
C102614,71,61.22,2,Month-to-month,0,0,0
C102615,21,39.89,4,Two year,0,0,0
C102616,50,20.0,1,Two year,1,1,0
C102617,42,93.97,5,Two year,0,0,0
C102618,65,79.42,1,Month-to-month,0,1,0
C102619,68,91.82,0,Two year,0,0,0
C102620,38,75.7,0,Two year,1,0,0
C102621,67,71.79,2,Two year,0,1,0
C102622,42,85.89,2,Month-to-month,0,1,0
C102623,10,110.47,4,Month-to-month,1,0,1
C102624,51,97.39,0,One year,1,1,0
C102625,63,121.67,4,Month-to-month,0,0,0
C102626,71,92.94,1,One year,1,1,0
C102627,5,62.05,2,Month-to-month,0,0,0
C102628,37,140.63,1,Month-to-month,0,1,0
C102629,54,114.76,1,Two year,1,0,0
C102630,41,83.49,4,Month-to-month,1,1,1
C102631,9,94.46,2,Month-to-month,0,0,1
C102632,26,92.66,0,Month-to-month,1,0,0
C102633,45,49.22,4,One year,0,1,0
C102634,18,79.57,1,Month-to-month,1,1,0
C102635,67,80.92,2,Month-to-month,1,1,0
C102636,28,107.81,4,Two year,0,0,0
C102637,66,72.27,6,Month-to-month,1,0,0
C102638,23,89.4,1,Month-to-month,1,0,1
C102639,48,124.59,3,Month-to-month,0,1,0
C102640,4,83.99,1,Month-to-month,0,1,0
C102641,14,97.7,1,Month-to-month,1,1,0
C102642,12,97.69,2,Month-to-month,0,0,1
C102643,22,75.41,3,Month-to-month,0,1,0
C102644,54,81.29,3,Month-to-month,1,1,0
C102645,48,74.13,2,One year,1,0,0
C102646,10,45.59,1,Month-to-month,1,0,0
C102647,63,73.59,1,Month-to-month,1,0,0
C102648,7,55.06,1,One year,0,1,0
C102649,3,85.57,0,Month-to-month,1,1,0
C102650,46,108.73,4,Month-to-month,1,0,0
C102651,10,129.88,4,Month-to-month,1,0,1
C102652,2,66.59,1,One year,0,1,0
C102653,4,83.65,1,Month-to-month,0,1,0
C102654,13,64.86,4,Month-to-month,1,0,1
C102655,15,48.91,1,Two year,1,0,0
C102656,28,80.83,2,Month-to-month,1,1,0
C102657,10,23.9,1,One year,1,0,0
C102658,9,97.85,2,Two year,0,0,0
C102659,20,64.92,2,Month-to-month,1,0,0
C102660,34,65.68,3,Month-to-month,0,0,1
C102661,62,33.62,0,Month-to-month,1,0,0
C102662,62,50.2,1,One year,0,0,0
C102663,27,95.84,0,Month-to-month,1,1,0
C102664,7,85.95,3,Month-to-month,1,0,1
C102665,68,70.45,1,Month-to-month,0,1,1
C102666,16,81.52,0,Two year,1,0,0
C102667,30,54.96,2,One year,1,0,0
C102668,59,25.96,4,Month-to-month,1,0,0
C102669,66,100.31,3,Two year,0,1,0
C102670,17,101.04,2,Two year,1,0,0
C102671,12,71.13,1,One year,1,0,0
C102672,46,110.74,2,Month-to-month,1,1,1
C102673,26,45.72,2,One year,1,0,1
C102674,46,100.62,2,Two year,1,1,0
C102675,4,59.14,2,Two year,0,0,0
C102676,37,65.69,2,One year,0,1,0
C102677,40,47.53,2,One year,0,1,0
C102678,28,103.85,1,Month-to-month,1,0,0
C102679,60,103.49,1,Month-to-month,1,1,0
C102680,32,70.89,3,One year,0,0,1
C102681,3,70.33,1,Two year,1,1,0
C102682,32,112.52,3,One year,1,0,0
C102683,56,81.11,1,Two year,1,1,0
C102684,70,71.86,1,Month-to-month,0,1,0
C102685,49,27.39,0,One year,0,1,0
C102686,27,110.52,1,Two year,0,0,0
C102687,7,49.49,1,Month-to-month,0,1,0
C102688,55,89.14,0,One year,1,0,0
C102689,42,44.92,1,Month-to-month,1,1,0
C102690,50,89.4,3,Month-to-month,0,1,0
C102691,59,66.26,1,Month-to-month,1,1,0
C102692,4,57.03,3,Two year,1,0,1
C102693,50,25.86,2,Month-to-month,0,0,0
C102694,46,67.2,1,Two year,1,0,0
C102695,33,30.33,0,Two year,1,0,0
C102696,42,82.0,1,Month-to-month,1,0,1
C102697,28,87.08,3,Month-to-month,0,0,0
C102698,62,84.03,1,Month-to-month,0,0,0
C102699,36,61.09,2,Month-to-month,0,0,0
C102700,50,53.05,1,One year,1,1,0
C102701,11,95.67,2,Month-to-month,0,1,1
C102702,6,137.13,2,One year,0,0,0
C102703,12,68.63,1,One year,0,0,0
C102704,46,94.79,1,One year,0,1,1
C102705,33,67.29,2,One year,0,1,0
C102706,3,75.25,0,Month-to-month,1,0,0
C102707,57,60.67,1,Month-to-month,1,0,0
C102708,41,91.78,3,Month-to-month,1,1,0
C102709,36,27.12,1,Month-to-month,1,0,0
C102710,44,20.0,2,One year,0,1,0
C102711,72,71.56,2,Month-to-month,1,1,0
C102712,7,105.69,3,Month-to-month,0,0,1
C102713,60,96.3,1,Month-to-month,1,0,0
C102714,47,94.22,0,Month-to-month,0,0,0
C102715,25,127.73,1,One year,1,1,0
C102716,9,115.94,2,Two year,0,0,0
C102717,15,71.58,2,Month-to-month,0,0,1
C102718,2,65.98,1,Two year,0,0,0
C102719,16,32.19,0,Month-to-month,1,0,0
C102720,7,78.6,3,Month-to-month,1,0,1
C102721,71,121.96,2,Month-to-month,1,1,0
C102722,6,107.69,5,Month-to-month,0,0,0
C102723,48,111.74,2,One year,1,1,0
C102724,50,79.03,1,Two year,1,0,0
C102725,72,66.66,2,One year,0,0,0
C102726,71,88.56,5,Month-to-month,1,1,0
C102727,44,99.25,2,Month-to-month,1,1,0
C102728,57,74.11,4,Two year,0,1,0
C102729,68,96.66,2,Month-to-month,1,0,1
C102730,43,63.83,3,Month-to-month,1,1,0
C102731,27,80.21,2,Month-to-month,0,1,1
C102732,23,63.43,1,One year,1,1,0
C102733,2,80.97,2,Two year,0,1,0
C102734,12,84.91,1,One year,0,0,0
C102735,34,77.86,1,Month-to-month,1,0,0
C102736,47,57.31,1,One year,1,0,0
C102737,52,41.54,3,Month-to-month,1,1,0
C102738,15,128.02,2,Month-to-month,1,0,1
C102739,72,96.57,4,Month-to-month,1,0,0
C102740,70,72.98,1,Two year,1,0,0
C102741,71,104.14,3,Month-to-month,1,0,0
C102742,16,79.08,3,Month-to-month,1,0,1
C102743,52,114.62,0,One year,1,0,0
C102744,25,61.41,0,One year,1,1,0
C102745,13,49.85,5,One year,0,1,1
C102746,24,47.01,5,Month-to-month,1,1,0
C102747,55,69.07,3,Month-to-month,0,1,0
C102748,46,25.01,1,Month-to-month,1,1,0
C102749,17,74.46,2,Month-to-month,0,1,0
C102750,14,56.69,2,One year,0,0,0
C102751,54,66.73,0,Month-to-month,1,1,0
C102752,34,91.68,2,Month-to-month,1,1,0
C102753,3,92.27,1,Month-to-month,1,0,0
C102754,40,34.77,1,Two year,1,1,0
C102755,49,103.9,0,Month-to-month,0,1,1
C102756,10,59.32,1,Month-to-month,0,0,1
C102757,25,22.24,1,Month-to-month,1,1,0
C102758,8,20.9,1,Month-to-month,1,0,0
C102759,24,104.06,2,One year,1,1,0
C102760,1,87.44,1,Two year,0,0,1
C102761,59,105.15,3,Month-to-month,1,0,0
C102762,60,134.29,3,Two year,1,0,0
C102763,39,68.16,0,Month-to-month,1,1,1
C102764,62,111.91,0,Month-to-month,1,0,0
C102765,67,58.9,3,Two year,0,0,0
C102766,56,62.79,2,Month-to-month,1,0,0
C102767,49,100.56,1,One year,0,1,0
C102768,40,42.75,0,One year,1,0,0
C102769,4,32.63,4,Month-to-month,1,1,1
C102770,13,43.75,1,Month-to-month,1,0,0
C102771,37,53.36,0,Month-to-month,0,1,1
C102772,41,48.84,2,Two year,1,0,0
C102773,36,59.14,2,Month-to-month,1,1,0
C102774,5,102.51,1,Month-to-month,1,1,0
C102775,64,88.28,1,Month-to-month,1,0,0
C102776,39,67.12,2,Month-to-month,1,1,0
C102777,16,90.78,1,One year,1,0,0
C102778,28,121.15,0,One year,1,0,0
C102779,4,90.31,1,Two year,1,1,0
C102780,13,103.08,4,Two year,0,1,1
C102781,48,70.97,0,Month-to-month,1,0,0
C102782,37,96.67,2,Two year,1,1,0
C102783,49,101.39,1,Month-to-month,0,1,0
C102784,42,21.27,0,Month-to-month,1,0,1
C102785,49,140.89,0,Month-to-month,1,0,0
C102786,1,65.89,0,One year,1,1,0
C102787,14,63.23,2,One year,1,0,0
C102788,6,75.63,0,One year,1,0,1
C102789,60,126.35,5,Month-to-month,1,1,0
C102790,55,31.4,2,Two year,1,1,0
C102791,1,96.8,4,Two year,1,0,1
C102792,67,70.02,1,Month-to-month,1,0,0
C102793,11,94.43,3,One year,0,0,1
C102794,22,61.31,3,Month-to-month,1,0,0
C102795,64,74.35,1,Two year,0,0,0
C102796,49,60.09,3,One year,1,1,0
C102797,24,81.58,1,Month-to-month,0,0,0
C102798,43,58.52,0,Month-to-month,1,1,0
C102799,59,80.35,3,Month-to-month,0,1,0
C102800,27,89.0,1,Two year,1,0,0
C102801,10,133.95,2,Month-to-month,0,0,1
C102802,15,82.82,3,Month-to-month,1,0,1
C102803,3,64.51,2,Two year,0,0,0
C102804,3,60.01,2,One year,0,1,0
C102805,16,55.42,4,Month-to-month,0,1,0
C102806,49,64.22,2,Month-to-month,1,0,0
C102807,44,59.37,1,Month-to-month,1,1,0
C102808,5,109.93,3,Month-to-month,1,0,0
C102809,61,78.22,4,One year,0,1,0
C102810,34,70.64,4,Month-to-month,1,0,0
C102811,10,82.27,4,Two year,1,0,0
C102812,29,105.97,2,Month-to-month,0,1,0
C102813,63,54.74,3,Month-to-month,0,1,0
C102814,59,74.46,4,Month-to-month,1,1,1
C102815,37,123.8,2,Month-to-month,0,1,0
C102816,72,46.41,0,Month-to-month,0,0,0
C102817,6,56.45,1,Two year,0,0,0
C102818,29,94.96,4,One year,1,1,1
C102819,37,64.57,0,One year,0,0,0
C102820,56,65.76,1,Month-to-month,1,1,0
C102821,65,83.88,1,One year,1,0,0
C102822,8,54.39,3,One year,1,0,0
C102823,44,92.87,3,Month-to-month,1,0,1
C102824,65,135.37,3,Month-to-month,1,0,0
C102825,12,41.27,2,Month-to-month,0,0,0
C102826,14,50.21,2,Month-to-month,1,0,0
C102827,59,128.92,0,One year,1,0,0
C102828,33,60.84,3,Month-to-month,1,0,0
C102829,5,73.25,1,One year,1,0,1
C102830,49,39.69,3,One year,0,0,0
C102831,22,117.4,2,Month-to-month,1,0,0
C102832,54,97.52,1,Two year,1,0,0
C102833,1,84.44,1,Month-to-month,1,0,0
C102834,70,77.33,1,Two year,0,1,0
C102835,59,62.91,1,Two year,0,1,0
C102836,37,72.46,2,One year,0,1,0
C102837,45,93.09,2,Two year,1,1,0
C102838,19,50.2,1,Month-to-month,0,0,0
C102839,20,118.29,1,Two year,1,1,1
C102840,30,116.92,2,Month-to-month,1,1,0
C102841,21,99.87,2,Two year,0,1,0
C102842,52,90.0,1,Month-to-month,1,0,0
C102843,50,101.53,0,Two year,1,1,0
C102844,44,125.86,2,Month-to-month,0,1,0
C102845,11,61.3,1,One year,1,0,0
C102846,41,103.66,2,Month-to-month,0,0,0
C102847,26,41.05,1,Month-to-month,0,0,0
C102848,60,84.91,1,Month-to-month,0,0,0
C102849,2,85.35,2,One year,0,0,0
C102850,69,95.07,5,One year,1,1,0
C102851,41,45.6,1,Two year,1,0,0
C102852,23,70.87,1,Month-to-month,0,1,0
C102853,19,89.29,1,Month-to-month,0,0,0
C102854,62,89.65,3,Month-to-month,1,0,0
C102855,65,78.2,1,Month-to-month,0,0,0
C102856,32,86.0,0,Month-to-month,1,1,0
C102857,35,80.49,4,One year,0,1,0
C102858,31,59.29,3,Month-to-month,1,0,0
C102859,9,73.57,0,Month-to-month,1,1,0
C102860,35,41.91,1,Month-to-month,1,1,0
C102861,33,71.65,2,Month-to-month,0,1,0
C102862,10,67.86,2,One year,1,0,1
C102863,69,54.71,2,One year,1,1,0
C102864,14,75.48,4,Month-to-month,1,0,1
C102865,20,67.45,2,Month-to-month,1,0,1
C102866,25,106.13,2,Two year,1,0,0
C102867,58,108.92,5,Month-to-month,1,0,0
C102868,29,20.0,1,Month-to-month,1,1,0
C102869,12,70.09,2,Month-to-month,0,1,0
C102870,70,75.05,1,Month-to-month,1,0,0
C102871,1,80.02,3,Month-to-month,1,1,0
C102872,46,73.82,0,One year,1,0,0
C102873,13,61.41,3,Month-to-month,1,0,0
C102874,54,99.97,2,Two year,0,1,0
C102875,52,91.9,2,Month-to-month,0,1,0
C102876,46,112.64,2,Month-to-month,1,0,0
C102877,12,62.89,3,Two year,1,0,0
C102878,53,43.23,0,Month-to-month,0,0,0
C102879,39,106.07,2,One year,1,0,0
C102880,24,84.39,1,Month-to-month,1,0,0
C102881,61,61.47,0,Two year,1,0,0
C102882,36,61.7,1,Two year,0,0,0
C102883,13,40.67,1,One year,1,1,0
C102884,4,72.51,4,Two year,0,0,1
C102885,18,69.26,1,Month-to-month,0,1,0
C102886,68,30.05,2,Month-to-month,0,0,0
C102887,18,40.05,2,One year,1,1,0
C102888,65,72.07,2,Two year,1,0,0
C102889,69,95.28,2,One year,1,0,0
C102890,23,29.06,2,Month-to-month,1,0,0
C102891,34,61.23,0,One year,1,0,0
C102892,14,90.14,1,Month-to-month,1,1,0
C102893,47,122.47,2,Month-to-month,0,0,1
C102894,43,77.74,2,One year,1,1,0
C102895,56,69.31,4,Month-to-month,0,0,0
C102896,50,95.89,0,Month-to-month,1,0,1
C102897,24,68.53,1,One year,1,0,0
C102898,4,36.87,2,Month-to-month,1,1,0
C102899,46,69.95,3,One year,1,0,0
C102900,36,99.2,0,Month-to-month,1,1,0
C102901,58,102.83,1,One year,1,0,0
C102902,60,56.27,1,Month-to-month,1,1,1
C102903,12,20.0,1,Month-to-month,1,1,0
C102904,11,71.06,1,Month-to-month,1,1,0
C102905,41,86.95,1,Month-to-month,0,0,0
C102906,52,104.45,4,One year,1,0,0
C102907,70,123.29,1,Month-to-month,0,0,0
C102908,11,122.08,0,One year,0,1,0
C102909,43,78.95,3,One year,1,1,0
C102910,11,86.82,2,One year,1,1,0
C102911,5,44.04,1,Month-to-month,1,0,0
C102912,4,107.93,0,Month-to-month,0,1,1
C102913,3,111.89,2,Month-to-month,0,0,0
C102914,67,29.22,1,One year,1,0,0
C102915,40,88.31,1,Month-to-month,1,0,0
C102916,42,85.89,1,Two year,0,0,0
C102917,16,114.27,1,One year,1,1,0
C102918,7,84.39,2,Month-to-month,0,1,1
C102919,67,83.74,4,One year,1,1,1
C102920,7,92.09,0,Month-to-month,0,0,0
C102921,26,65.75,1,Two year,0,1,0
C102922,21,50.33,1,One year,1,0,0
C102923,51,71.85,1,Month-to-month,1,1,0
C102924,29,65.03,0,One year,0,0,0
C102925,37,78.35,3,Month-to-month,1,1,1
C102926,47,153.2,1,Two year,0,0,0
C102927,35,94.07,0,Two year,1,0,0
C102928,43,57.88,4,Month-to-month,1,0,0
C102929,2,61.6,2,Month-to-month,1,1,0
C102930,6,113.27,4,Month-to-month,1,0,1
C102931,23,76.47,1,One year,1,1,0
C102932,61,103.42,1,Month-to-month,0,1,0
C102933,61,47.95,0,One year,0,0,0
C102934,42,70.95,2,Two year,1,0,1
C102935,44,70.24,1,Month-to-month,0,1,1
C102936,64,102.52,2,One year,1,0,0
C102937,21,83.89,4,Month-to-month,1,0,0
C102938,71,89.28,1,One year,1,0,0
C102939,26,95.81,0,Month-to-month,1,0,0
C102940,58,75.9,2,Month-to-month,0,0,1
C102941,6,93.93,2,One year,1,0,0
C102942,63,76.05,2,Two year,0,0,0
C102943,62,116.18,0,Month-to-month,0,0,1
C102944,65,60.57,0,Month-to-month,1,0,0
C102945,11,60.77,2,Month-to-month,1,1,1
C102946,54,69.92,1,Month-to-month,1,1,0
C102947,47,51.71,4,Month-to-month,1,0,0
C102948,23,44.69,5,Month-to-month,0,0,1
C102949,38,73.37,1,Two year,1,0,0
C102950,55,121.24,2,Month-to-month,0,0,0
C102951,38,86.86,4,Month-to-month,1,0,0
C102952,57,83.4,2,Month-to-month,1,0,0
C102953,36,69.68,2,One year,1,0,0
C102954,13,113.23,2,Two year,1,0,0
C102955,64,44.91,3,Month-to-month,1,1,0
C102956,52,47.43,1,Month-to-month,0,1,0
C102957,30,76.9,2,Month-to-month,1,0,0
C102958,53,89.33,3,One year,1,1,0
C102959,21,52.54,1,One year,0,1,0
C102960,6,65.26,4,Month-to-month,0,0,1
C102961,32,78.11,2,Two year,0,0,0
C102962,23,118.29,3,Month-to-month,0,1,1
C102963,45,34.53,1,Month-to-month,0,0,0
C102964,47,93.03,1,Two year,0,0,0
C102965,47,101.53,2,Month-to-month,1,1,0
C102966,51,127.76,2,Month-to-month,0,0,1
C102967,7,43.49,1,Month-to-month,1,1,0
C102968,50,48.89,2,Month-to-month,1,1,0
C102969,1,58.42,2,Two year,1,0,0
C102970,16,41.98,2,Month-to-month,1,0,0
C102971,6,107.82,4,One year,0,1,1
C102972,70,88.7,2,One year,1,0,0
C102973,71,80.35,3,Two year,1,1,0
C102974,35,90.24,1,Two year,1,1,0
C102975,28,108.6,2,One year,0,1,1
C102976,34,20.0,3,Month-to-month,1,0,0
C102977,5,89.41,0,Two year,1,1,0
C102978,4,87.11,1,Two year,1,1,0
C102979,70,93.79,1,Month-to-month,0,0,0
C102980,44,37.69,2,Month-to-month,0,0,0
C102981,66,74.78,3,Month-to-month,1,0,0
C102982,55,52.33,2,One year,1,1,0
C102983,69,111.48,1,Month-to-month,0,1,0
C102984,5,81.36,0,One year,0,0,0
C102985,59,73.22,1,Month-to-month,1,1,1
C102986,71,86.68,2,Two year,1,0,0
C102987,37,46.45,1,One year,0,0,0
C102988,30,112.87,0,Month-to-month,1,0,0
C102989,32,112.95,2,Month-to-month,0,0,1
C102990,2,43.12,2,Two year,1,0,0
C102991,28,109.21,2,One year,1,1,0
C102992,31,121.98,3,Month-to-month,1,0,1
C102993,25,58.49,1,One year,0,0,0
C102994,32,54.12,2,One year,1,0,0
C102995,25,54.25,3,Month-to-month,1,1,0
C102996,19,98.26,3,Month-to-month,0,1,1
C102997,56,125.01,5,One year,0,1,0
C102998,71,63.7,4,Month-to-month,1,0,0
C102999,5,91.82,2,Two year,1,1,0
C103000,38,93.42,4,Month-to-month,0,1,0
C103001,24,63.11,2,Month-to-month,1,0,1
C103002,12,63.77,3,One year,1,0,0
C103003,65,78.12,0,Month-to-month,0,0,0
C103004,57,82.05,0,Month-to-month,0,0,0
C103005,57,57.95,0,One year,1,0,0
C103006,6,70.08,2,One year,1,1,1
C103007,2,86.83,0,Month-to-month,1,1,0
C103008,15,81.48,1,Two year,1,1,0
C103009,10,136.36,2,Month-to-month,1,0,0
C103010,20,55.98,5,Two year,0,1,1
C103011,3,121.42,1,One year,1,0,0
C103012,62,90.84,1,Month-to-month,1,0,0
C103013,6,75.47,2,Two year,0,0,0
C103014,19,148.04,0,Month-to-month,0,0,0
C103015,32,86.42,1,Month-to-month,1,1,0
C103016,38,47.14,1,One year,1,0,0
C103017,55,84.1,2,One year,1,1,0
C103018,70,111.36,3,One year,1,0,0
C103019,3,91.97,0,Two year,1,0,0
C103020,55,96.17,1,Month-to-month,0,0,0
C103021,52,70.77,0,Month-to-month,0,1,0
C103022,48,76.64,0,Month-to-month,0,0,0
C103023,50,57.73,3,Two year,1,0,0
C103024,55,57.62,1,Month-to-month,1,1,0
C103025,58,90.05,2,Month-to-month,1,0,0
C103026,11,100.06,1,Month-to-month,1,0,1
C103027,37,61.73,1,Month-to-month,1,1,0
C103028,58,66.39,0,Month-to-month,1,1,0
C103029,72,117.32,1,Month-to-month,0,0,0
C103030,28,52.66,1,Month-to-month,1,1,0
C103031,45,59.37,0,One year,1,0,0
C103032,58,34.37,1,One year,1,0,0
C103033,54,63.94,4,Two year,1,1,0
C103034,5,76.35,1,Month-to-month,1,1,0
C103035,49,101.18,2,Two year,1,0,0
C103036,7,73.89,0,Two year,1,1,0
C103037,14,96.4,0,Month-to-month,1,0,1
C103038,42,49.23,0,One year,1,0,1
C103039,35,50.95,2,Month-to-month,0,0,0
C103040,68,39.36,1,Two year,0,1,0
C103041,40,95.61,0,One year,0,0,0
C103042,16,63.85,1,Two year,1,1,0
C103043,61,134.68,1,Month-to-month,1,0,0
C103044,46,131.37,2,Month-to-month,0,1,0
C103045,22,95.63,1,One year,0,0,1
C103046,43,33.22,3,Month-to-month,0,0,1
C103047,39,75.15,3,Two year,0,1,0
C103048,62,81.95,2,Month-to-month,0,0,0
C103049,54,82.35,1,Month-to-month,0,1,0
C103050,5,21.92,1,Month-to-month,0,0,1
C103051,12,51.93,2,One year,1,1,0
C103052,27,48.94,2,Month-to-month,0,1,0
C103053,62,73.34,0,Two year,1,0,0
C103054,53,87.12,2,One year,1,0,0
C103055,45,89.04,1,Month-to-month,1,0,0
C103056,66,59.12,2,Month-to-month,1,0,1
C103057,16,82.89,1,Two year,1,0,0
C103058,37,81.92,2,Month-to-month,1,1,1
C103059,26,63.2,1,Month-to-month,0,0,0
C103060,37,92.57,0,Month-to-month,1,1,0
C103061,69,108.54,0,Month-to-month,1,0,0
C103062,59,54.09,0,Month-to-month,1,0,0
C103063,49,58.57,3,Month-to-month,1,1,0
C103064,14,76.25,2,Month-to-month,1,0,0
C103065,46,104.88,5,Month-to-month,0,1,1
C103066,54,66.05,2,Two year,1,1,0
C103067,68,119.71,4,Month-to-month,1,0,0
C103068,32,113.51,0,Month-to-month,0,0,0
C103069,4,35.12,4,Two year,1,1,0
C103070,41,85.77,0,Month-to-month,1,1,0
C103071,30,78.55,2,One year,1,1,0
C103072,7,57.06,0,One year,1,1,0
C103073,47,75.19,4,Month-to-month,1,0,1
C103074,26,93.02,1,Month-to-month,1,0,0
C103075,4,70.45,3,One year,0,1,0
C103076,43,108.62,0,One year,1,1,0
C103077,19,52.69,1,One year,1,1,0
C103078,29,78.94,0,One year,1,1,0
C103079,23,77.87,4,One year,0,0,1
C103080,22,52.67,0,One year,0,1,0
C103081,21,38.48,0,Month-to-month,0,1,0
C103082,7,87.17,2,One year,0,1,1
C103083,50,61.55,2,Two year,1,1,0
C103084,12,38.55,1,Month-to-month,1,0,0
C103085,66,77.0,5,One year,0,0,0
C103086,5,66.03,4,One year,1,0,1
C103087,62,78.38,3,Two year,1,0,0
C103088,61,104.16,0,One year,1,1,0
C103089,50,70.72,3,Month-to-month,1,0,1
C103090,19,112.72,1,Month-to-month,0,0,1
C103091,72,86.87,1,One year,0,0,0
C103092,23,85.82,0,Month-to-month,1,1,0
C103093,47,26.39,1,Two year,1,0,1
C103094,48,65.29,0,One year,1,1,0
C103095,69,91.44,1,Month-to-month,1,1,0
C103096,27,77.85,2,Two year,1,0,0
C103097,40,49.25,1,One year,1,0,0
C103098,28,62.25,4,Month-to-month,0,1,0
C103099,36,110.57,5,Month-to-month,1,0,0
C103100,6,80.54,4,Month-to-month,0,0,1
C103101,15,92.38,1,Month-to-month,1,0,0
C103102,43,104.04,1,Two year,1,1,0
C103103,42,86.46,1,Month-to-month,1,1,0
C103104,41,85.86,0,Month-to-month,1,0,0
C103105,2,62.7,1,One year,1,1,0
C103106,28,106.07,3,Two year,0,0,0
C103107,72,63.56,0,Month-to-month,0,0,1
C103108,45,96.73,3,Month-to-month,0,0,1
C103109,39,103.12,3,Two year,1,0,1
C103110,28,95.89,1,One year,1,0,1
C103111,5,85.93,4,One year,1,0,1
C103112,35,47.39,0,Month-to-month,1,1,0
C103113,49,116.62,2,One year,0,1,0
C103114,15,94.44,0,One year,0,1,0
C103115,4,47.76,2,Month-to-month,1,0,0
C103116,25,70.92,3,One year,0,0,1
C103117,49,78.22,3,Month-to-month,0,0,0
C103118,3,99.8,3,Month-to-month,1,0,1
C103119,7,31.44,0,Month-to-month,1,0,0
C103120,45,81.79,1,Month-to-month,0,0,1
C103121,50,81.81,0,One year,0,1,0
C103122,55,54.93,1,Two year,0,1,0
C103123,62,96.43,3,Two year,0,1,0
C103124,41,78.44,2,Two year,1,0,0
C103125,65,94.05,3,Month-to-month,0,0,0
C103126,60,57.12,0,Month-to-month,1,1,0
C103127,36,89.94,5,Two year,1,0,1
C103128,42,93.69,1,Month-to-month,1,1,0
C103129,30,62.31,1,One year,1,0,0
C103130,13,64.05,0,Two year,1,1,0
C103131,71,49.23,3,Month-to-month,1,0,0
C103132,42,53.25,1,One year,1,1,0
C103133,16,63.19,1,Month-to-month,0,1,0
C103134,19,78.25,1,Month-to-month,1,1,1
C103135,6,92.25,1,Month-to-month,1,0,0
C103136,22,87.54,1,Month-to-month,1,0,1
C103137,12,100.8,2,Two year,1,0,0
C103138,13,64.53,1,Month-to-month,1,1,0
C103139,56,44.75,0,Two year,0,0,0
C103140,44,49.59,1,One year,0,1,0
C103141,13,106.52,1,One year,1,0,0
C103142,11,25.16,2,Month-to-month,0,0,1
C103143,27,104.89,2,Two year,1,1,1
C103144,52,45.22,3,Month-to-month,1,1,0
C103145,9,83.94,3,Two year,1,0,0
C103146,69,113.36,1,Month-to-month,0,1,0
C103147,68,81.88,0,Month-to-month,1,0,0
C103148,50,83.66,2,One year,1,0,0
C103149,32,55.7,3,Month-to-month,0,1,1
C103150,47,86.2,0,Month-to-month,1,1,1
C103151,39,94.22,2,Two year,1,1,0
C103152,12,131.09,0,One year,0,1,0
C103153,15,74.85,2,One year,0,0,0
C103154,39,149.36,2,Month-to-month,1,0,0
C103155,34,49.21,0,Month-to-month,0,1,0
C103156,25,88.63,0,Two year,1,1,0
C103157,44,69.3,0,Month-to-month,1,1,0
C103158,2,73.26,2,Two year,1,1,0
C103159,3,45.67,3,Two year,1,0,0
C103160,20,100.73,1,Two year,1,0,0
C103161,12,111.65,2,Month-to-month,1,1,0
C103162,61,87.49,2,One year,0,0,0
C103163,50,97.07,2,Month-to-month,1,0,1
C103164,60,55.02,0,Month-to-month,1,1,0
C103165,32,49.77,1,Month-to-month,1,0,1
C103166,14,99.08,2,Two year,1,1,0
C103167,46,85.8,2,Month-to-month,1,1,0
C103168,6,113.73,0,Two year,1,0,0
C103169,23,90.69,4,Month-to-month,1,1,0
C103170,48,28.0,2,Month-to-month,1,0,0
C103171,52,68.01,3,Month-to-month,0,1,0
C103172,20,107.79,3,One year,1,0,0
C103173,37,59.67,2,Month-to-month,0,0,0
C103174,30,80.15,2,Month-to-month,0,0,0
C103175,62,54.09,1,Two year,1,1,1
C103176,42,105.43,0,One year,0,0,0
C103177,62,75.58,2,Month-to-month,0,0,1
C103178,14,82.58,1,One year,1,1,0
C103179,46,83.32,2,Month-to-month,0,0,0
C103180,12,87.66,1,Month-to-month,0,1,0
C103181,28,55.1,1,Month-to-month,1,1,1
C103182,55,106.15,0,One year,1,0,0
C103183,31,91.33,0,One year,1,0,0
C103184,34,88.8,2,One year,1,0,0
C103185,56,94.44,1,Month-to-month,1,0,0
C103186,49,80.86,1,Two year,0,1,0
C103187,30,92.38,0,One year,1,1,0
C103188,38,66.59,1,Month-to-month,0,1,0
C103189,48,113.22,2,One year,0,0,0
C103190,3,20.0,0,Month-to-month,1,1,0
C103191,50,89.3,1,Two year,1,0,0
C103192,14,68.84,1,One year,1,1,0
C103193,61,133.79,1,Month-to-month,1,1,0
C103194,69,80.49,3,One year,0,1,0
C103195,51,98.64,0,Month-to-month,0,0,1
C103196,12,35.96,2,Month-to-month,1,1,0
C103197,43,54.49,1,Month-to-month,1,0,1
C103198,13,79.31,3,Month-to-month,0,0,0
C103199,61,100.89,3,One year,0,1,0
C103200,4,72.13,1,Month-to-month,1,0,0
C103201,6,112.19,3,One year,0,1,1
C103202,16,82.11,1,Month-to-month,1,1,0
C103203,36,139.14,3,One year,0,0,0
C103204,43,67.24,2,Two year,1,0,0
C103205,23,112.5,1,Month-to-month,1,0,0
C103206,19,91.59,1,One year,1,1,0
C103207,71,84.25,5,One year,1,1,0
C103208,14,65.53,1,Month-to-month,1,0,0
C103209,36,88.59,0,Month-to-month,1,1,0
C103210,16,56.55,0,One year,0,1,1
C103211,7,78.27,3,Two year,0,0,0
C103212,65,45.19,2,One year,0,0,0
C103213,5,102.44,0,Month-to-month,1,0,0
C103214,32,70.35,2,Two year,1,0,0
C103215,41,103.63,0,Two year,1,1,0
C103216,52,100.75,1,Month-to-month,0,0,0
C103217,65,106.01,2,Month-to-month,0,1,0
C103218,8,62.83,2,One year,0,1,1
C103219,44,117.91,4,Month-to-month,0,1,0
C103220,3,96.61,5,One year,1,0,1
C103221,3,47.56,2,One year,1,0,0
C103222,52,75.32,2,Two year,0,0,0
C103223,47,83.88,5,Month-to-month,1,0,0
C103224,67,85.04,2,Month-to-month,1,1,0
C103225,25,134.1,1,Month-to-month,1,1,0
C103226,22,57.67,2,One year,1,1,0
C103227,54,76.94,7,Month-to-month,0,0,1
C103228,37,70.35,0,One year,0,1,0
C103229,64,72.16,1,Month-to-month,1,0,0
C103230,28,127.57,2,Month-to-month,1,1,0
C103231,13,82.87,2,Month-to-month,1,0,1
C103232,45,100.34,1,Month-to-month,1,1,0
C103233,5,97.35,0,Month-to-month,1,0,0
C103234,45,88.79,3,Month-to-month,1,0,0
C103235,38,105.92,3,Month-to-month,0,0,1
C103236,28,96.82,3,Month-to-month,1,1,0
C103237,68,84.79,4,Month-to-month,0,0,0
C103238,13,71.11,2,One year,1,1,0
C103239,61,83.78,2,Month-to-month,0,0,0
C103240,3,93.73,3,Two year,0,1,0
C103241,36,64.19,5,Month-to-month,0,1,1
C103242,68,82.45,1,Month-to-month,0,1,0
C103243,9,69.36,1,One year,1,0,0
C103244,47,71.75,1,One year,0,0,1
C103245,19,82.99,0,Month-to-month,0,0,0
C103246,69,113.31,2,Month-to-month,1,1,0
C103247,17,86.2,2,One year,0,1,0
C103248,12,102.94,3,One year,1,0,0
C103249,3,101.42,2,One year,1,0,0
C103250,59,116.67,1,Two year,1,1,0
C103251,55,65.2,1,Two year,1,1,0
C103252,38,72.39,0,One year,1,1,0
C103253,2,97.18,1,Month-to-month,1,0,1
C103254,52,99.01,1,Two year,1,1,0
C103255,31,99.93,1,Month-to-month,1,1,0
C103256,47,80.1,3,One year,1,0,0
C103257,23,135.46,2,Two year,1,0,0
C103258,66,101.97,2,One year,0,0,0
C103259,57,100.87,5,Month-to-month,1,1,0
C103260,7,47.07,1,Month-to-month,1,0,0
C103261,66,63.09,1,Month-to-month,1,0,0
C103262,17,37.04,4,Month-to-month,0,0,0
C103263,68,59.93,1,One year,0,1,0
C103264,8,105.88,1,One year,1,0,0
C103265,63,56.11,3,One year,0,1,0
C103266,60,87.23,1,Month-to-month,1,1,1
C103267,25,62.4,1,One year,0,1,0
C103268,66,88.07,2,Two year,0,0,0
C103269,17,62.53,2,One year,1,0,0
C103270,37,89.27,1,Two year,0,0,1
C103271,13,54.42,1,Month-to-month,1,1,0
C103272,45,66.4,1,Two year,0,1,0
C103273,47,44.75,2,Two year,1,1,1
C103274,38,48.42,3,Two year,1,0,0
C103275,66,76.76,5,Two year,0,0,1
C103276,64,66.42,0,Month-to-month,0,0,1
C103277,57,50.26,3,One year,1,1,0
C103278,43,65.67,3,One year,1,1,1
C103279,43,29.0,0,Two year,0,0,0
C103280,63,60.37,1,Month-to-month,1,0,0
C103281,31,79.71,0,Two year,0,0,0
C103282,44,64.3,3,Month-to-month,1,1,0
C103283,68,58.99,0,Two year,0,1,0
C103284,8,58.76,0,Month-to-month,0,1,1
C103285,40,98.63,0,One year,1,1,0
C103286,10,42.97,2,One year,0,0,0
C103287,58,54.26,5,Month-to-month,0,0,0
C103288,43,56.97,1,Month-to-month,0,0,1
C103289,41,105.82,0,Month-to-month,0,1,1
C103290,3,120.48,5,One year,0,0,0
C103291,48,103.26,5,Month-to-month,1,0,1
C103292,2,67.12,0,Two year,0,0,0
C103293,13,93.41,2,Month-to-month,1,0,0
C103294,25,81.3,2,Month-to-month,0,1,0
C103295,2,70.27,2,Month-to-month,0,0,0
C103296,72,102.22,2,One year,0,1,1
C103297,5,36.13,0,Month-to-month,0,1,0
C103298,19,98.3,0,Month-to-month,1,0,0
C103299,36,95.14,2,One year,0,1,0
C103300,55,57.12,0,Two year,1,1,0
C103301,65,60.44,4,Month-to-month,0,0,0
C103302,31,61.73,3,Month-to-month,1,0,0
C103303,6,103.33,3,Two year,1,0,0
C103304,47,84.59,1,Month-to-month,1,0,0
C103305,26,52.69,1,One year,1,1,1
C103306,67,93.62,1,Month-to-month,1,0,0
C103307,50,64.31,3,Two year,0,1,1
C103308,51,49.93,4,Two year,1,0,0
C103309,41,100.27,4,Month-to-month,0,1,0
C103310,59,88.0,1,One year,1,0,0
C103311,43,77.08,6,Two year,1,0,0
C103312,35,122.92,1,Month-to-month,0,1,0
C103313,57,71.84,2,Month-to-month,1,1,0
C103314,2,49.05,2,Month-to-month,1,0,1
C103315,72,90.92,3,Two year,0,1,0
C103316,9,108.65,2,Two year,1,0,0
C103317,70,99.84,2,Month-to-month,0,0,0
C103318,60,92.55,2,One year,1,0,0
C103319,26,56.49,3,Month-to-month,1,0,0
C103320,25,42.07,4,One year,1,0,0
C103321,45,77.79,2,Two year,1,0,1
C103322,63,52.11,2,Month-to-month,1,1,0
C103323,36,64.99,1,One year,1,1,0
C103324,22,72.41,2,One year,0,1,0
C103325,17,105.35,3,Month-to-month,1,0,1
C103326,61,102.75,0,Month-to-month,1,0,0
C103327,15,36.06,1,Month-to-month,1,0,0
C103328,4,103.55,3,Month-to-month,1,0,0
C103329,30,74.87,3,Month-to-month,0,0,0
C103330,70,62.94,1,Month-to-month,1,0,0
C103331,30,81.07,3,Month-to-month,1,1,0
C103332,32,67.3,0,One year,1,0,0
C103333,1,59.2,3,One year,1,0,0
C103334,63,87.31,0,Month-to-month,1,1,0
C103335,39,93.26,4,Month-to-month,0,0,1
C103336,60,99.78,1,Month-to-month,0,1,0
C103337,67,75.03,1,Month-to-month,0,1,0
C103338,27,134.01,1,Two year,1,1,0
C103339,4,92.1,1,One year,1,1,0
C103340,15,71.87,3,Month-to-month,0,1,1
C103341,71,107.36,2,Month-to-month,0,0,1
C103342,52,51.39,3,Month-to-month,1,0,0
C103343,67,49.56,2,Month-to-month,0,1,0
C103344,27,83.53,2,One year,1,0,0
C103345,37,24.2,5,Month-to-month,0,0,0
C103346,51,67.91,3,Two year,1,0,0
C103347,23,89.16,2,Month-to-month,1,0,1
C103348,56,110.59,2,Month-to-month,0,0,1
C103349,17,75.37,3,Month-to-month,1,0,1
C103350,65,111.31,0,One year,0,1,0
C103351,61,43.94,2,Month-to-month,1,1,0
C103352,15,83.96,2,Month-to-month,0,1,0
C103353,45,103.96,3,Month-to-month,1,0,0
C103354,16,116.11,1,Two year,1,0,0
C103355,8,64.95,4,Month-to-month,1,0,0
C103356,39,104.18,4,Two year,1,1,0
C103357,39,121.91,2,Month-to-month,1,0,0
C103358,65,59.15,2,Two year,1,1,0
C103359,43,98.01,2,Month-to-month,1,0,0
C103360,61,62.2,6,Month-to-month,1,0,0
C103361,18,75.16,3,Two year,1,1,0
C103362,32,115.78,2,Month-to-month,1,1,0
C103363,49,50.51,2,Month-to-month,0,0,1
C103364,3,86.37,2,Month-to-month,1,0,1
C103365,40,55.7,3,Month-to-month,0,0,1
C103366,22,141.17,3,Month-to-month,1,0,1
C103367,21,70.1,2,One year,1,0,0
C103368,16,81.39,2,Month-to-month,1,1,0
C103369,13,101.01,2,Month-to-month,1,1,0
C103370,72,66.76,1,Month-to-month,1,0,0
C103371,19,64.68,1,Month-to-month,0,0,0
C103372,42,92.37,1,Month-to-month,1,1,1
C103373,41,104.25,2,Two year,1,1,0
C103374,54,61.98,3,One year,0,1,0
C103375,32,75.07,1,Two year,0,1,0
C103376,53,85.02,3,Month-to-month,0,1,1
C103377,45,99.8,3,Month-to-month,0,0,1
C103378,29,75.07,1,Month-to-month,1,0,0
C103379,42,55.96,2,One year,0,0,0
C103380,20,43.13,1,Two year,0,1,1
C103381,44,58.78,1,One year,1,0,0
C103382,17,92.74,0,Two year,1,1,0
C103383,13,79.74,0,Month-to-month,0,1,0
C103384,68,75.86,3,Month-to-month,1,0,0
C103385,44,76.43,2,One year,0,0,0
C103386,46,85.27,1,Two year,1,1,0
C103387,42,94.52,1,Month-to-month,0,1,0
C103388,5,52.13,1,Month-to-month,1,0,1
C103389,11,23.13,1,Month-to-month,1,1,0
C103390,36,67.86,0,One year,1,0,0
C103391,71,54.52,1,Month-to-month,1,0,0
C103392,70,44.01,2,One year,1,1,0
C103393,25,73.96,2,Two year,1,1,0
C103394,18,46.82,1,One year,1,1,0
C103395,2,126.66,0,Month-to-month,1,0,1
C103396,54,67.6,2,Month-to-month,1,0,0
C103397,56,66.96,1,Two year,0,1,0
C103398,67,132.2,2,One year,1,0,0
C103399,59,103.42,4,Month-to-month,0,0,0
C103400,6,79.18,2,Two year,1,0,0
C103401,67,61.22,0,One year,0,0,0
C103402,64,72.15,2,Month-to-month,1,1,1
C103403,63,110.62,2,Month-to-month,1,0,0
C103404,8,69.89,6,Two year,0,0,0
C103405,1,89.56,1,Month-to-month,1,0,0
C103406,10,89.31,1,One year,1,1,0
C103407,17,101.28,2,Month-to-month,1,0,0
C103408,28,67.33,0,Month-to-month,1,0,0
C103409,10,119.15,2,Two year,0,0,1
C103410,28,63.94,1,One year,1,1,0
C103411,54,114.09,1,Two year,1,1,0
C103412,49,85.28,1,Two year,0,0,0
C103413,54,80.64,4,One year,1,1,0
C103414,17,84.46,1,One year,1,1,0
C103415,5,92.33,2,Month-to-month,1,0,1
C103416,14,101.19,5,One year,0,0,1
C103417,65,133.65,2,Two year,1,1,0
C103418,65,45.14,0,Two year,0,0,0
C103419,60,75.56,3,Month-to-month,1,1,0
C103420,9,80.9,3,Two year,0,1,1
C103421,24,112.45,0,Month-to-month,1,1,0
C103422,17,63.71,1,One year,1,0,0
C103423,6,76.88,1,Month-to-month,0,1,0
C103424,53,123.39,1,Two year,1,1,0
C103425,57,70.98,1,Month-to-month,0,1,0
C103426,36,51.17,2,Month-to-month,0,0,1
C103427,60,131.38,2,Month-to-month,0,0,0
C103428,38,24.42,2,Month-to-month,0,1,0
C103429,69,64.69,1,One year,0,0,0
C103430,35,99.61,1,One year,1,1,0
C103431,11,87.81,0,Month-to-month,0,1,0
C103432,23,73.35,3,One year,0,0,0
C103433,19,41.92,2,Month-to-month,1,0,0
C103434,6,81.62,4,One year,1,1,1
C103435,16,53.22,1,One year,1,1,0
C103436,7,74.81,2,Month-to-month,0,1,0
C103437,51,61.92,0,Month-to-month,0,0,0
C103438,1,69.12,0,One year,0,1,0
C103439,57,67.03,0,Month-to-month,1,0,0
C103440,55,115.19,1,Month-to-month,1,1,1
C103441,29,142.54,1,Month-to-month,1,1,0
C103442,42,66.08,2,Two year,0,1,0
C103443,21,116.31,5,Month-to-month,0,1,1
C103444,21,47.9,1,Month-to-month,1,0,0
C103445,44,105.72,0,Month-to-month,1,1,0
C103446,42,88.27,1,Month-to-month,0,1,0
C103447,53,36.67,0,Two year,0,1,0
C103448,9,58.56,0,Month-to-month,0,1,1
C103449,65,66.48,4,Month-to-month,1,1,0
C103450,32,85.73,2,Month-to-month,1,0,0
C103451,10,84.3,2,Two year,0,1,0
C103452,38,65.39,3,Month-to-month,0,0,0
C103453,64,48.29,3,One year,1,0,0
C103454,57,27.18,3,Two year,1,0,0
C103455,53,65.23,1,One year,1,0,0
C103456,33,73.86,3,Month-to-month,1,0,0
C103457,41,120.57,3,Month-to-month,0,0,0
C103458,52,80.69,0,Month-to-month,1,1,1
C103459,67,61.17,3,One year,1,1,0
C103460,54,115.05,1,Month-to-month,0,1,0
C103461,35,91.24,4,Month-to-month,0,0,0
C103462,40,74.06,0,Two year,0,1,0
C103463,24,31.78,0,Two year,0,1,0
C103464,49,57.17,2,One year,0,1,1
C103465,20,78.76,1,One year,1,0,0
C103466,28,67.84,1,Month-to-month,1,0,0
C103467,44,91.84,0,Month-to-month,0,0,0
C103468,21,85.13,3,Two year,0,0,1
C103469,9,20.0,1,One year,0,0,0
C103470,58,72.15,6,Two year,0,0,0
C103471,31,86.85,2,Two year,1,1,0
C103472,71,115.58,1,Month-to-month,1,1,0
C103473,1,37.36,0,Two year,0,0,0
C103474,69,55.4,3,Month-to-month,0,0,0
C103475,68,86.38,2,One year,1,0,0
C103476,51,51.24,2,Month-to-month,0,0,0
C103477,5,91.85,2,One year,1,0,0
C103478,20,82.05,1,Month-to-month,0,1,1
C103479,10,96.15,2,Month-to-month,1,0,1
C103480,32,140.44,3,Month-to-month,0,1,1
C103481,19,69.58,2,Month-to-month,0,1,0
C103482,36,66.81,1,Month-to-month,1,0,0
C103483,53,104.65,2,Two year,1,1,0
C103484,65,127.47,3,Two year,1,1,0
C103485,49,98.58,1,Month-to-month,0,0,0
C103486,26,108.47,5,Month-to-month,1,1,1
C103487,18,74.22,2,Month-to-month,0,0,0
C103488,33,90.24,2,Two year,0,1,0
C103489,59,70.86,0,Month-to-month,0,1,0
C103490,16,41.26,2,Month-to-month,1,1,0
C103491,46,76.99,2,One year,1,0,0
C103492,60,82.07,1,Month-to-month,1,0,0
C103493,59,72.5,1,Month-to-month,0,0,0
C103494,56,106.94,2,One year,1,0,0
C103495,59,95.88,0,Two year,1,1,0
C103496,58,90.79,2,Two year,0,1,0
C103497,71,61.47,0,Two year,1,1,0
C103498,57,78.78,0,Month-to-month,1,1,0
C103499,6,65.41,4,Two year,0,1,0
C103500,52,70.49,3,One year,0,0,0
C103501,61,71.79,2,Two year,1,0,0
C103502,63,85.59,2,Month-to-month,0,1,1
C103503,32,80.31,5,Month-to-month,1,0,0
C103504,4,54.7,1,Month-to-month,1,1,0
C103505,28,79.18,0,Month-to-month,0,1,0
C103506,55,93.59,0,Month-to-month,1,0,1
C103507,46,95.36,1,Two year,0,1,0
C103508,68,49.47,1,Two year,1,0,0
C103509,50,77.6,0,Month-to-month,0,1,0
C103510,54,37.71,0,Two year,1,0,0
C103511,51,62.66,2,Month-to-month,0,0,1
C103512,5,77.16,1,One year,1,0,0
C103513,51,95.42,1,Month-to-month,0,1,0
C103514,19,100.67,0,Month-to-month,0,1,0
C103515,67,57.56,2,Month-to-month,1,0,0
C103516,66,87.91,0,One year,1,0,0
C103517,40,68.13,2,One year,1,0,1
C103518,19,83.89,2,Two year,0,0,0
C103519,57,66.09,1,Two year,1,0,0
C103520,33,55.05,2,Two year,0,1,1
C103521,71,107.34,1,Month-to-month,1,0,0
C103522,60,92.72,0,One year,1,1,0
C103523,54,98.35,1,One year,1,0,0
C103524,64,100.53,0,One year,0,1,0
C103525,45,67.85,5,Two year,0,0,0
C103526,44,79.64,4,Month-to-month,1,0,0
C103527,15,61.66,2,Month-to-month,0,0,1
C103528,16,97.76,0,One year,1,1,1
C103529,39,120.23,0,Month-to-month,1,0,0
C103530,38,103.91,2,One year,0,0,0
C103531,22,86.35,2,Month-to-month,1,0,1
C103532,13,51.96,6,Two year,1,1,0
C103533,60,66.42,1,Month-to-month,1,1,0
C103534,5,86.49,1,Month-to-month,0,1,0
C103535,31,112.52,2,Month-to-month,1,1,0
C103536,67,86.39,2,Two year,1,1,0
C103537,7,78.67,3,One year,1,0,0
C103538,44,57.75,0,One year,1,1,0
C103539,12,78.45,0,One year,0,0,0
C103540,50,92.28,3,Month-to-month,0,1,1
C103541,21,96.19,2,Month-to-month,0,1,0
C103542,12,80.56,2,Two year,1,0,0
C103543,55,52.28,0,Two year,0,0,0
C103544,6,112.39,2,Month-to-month,1,0,1
C103545,42,96.96,2,Month-to-month,0,0,0
C103546,3,64.58,0,Two year,0,0,0
C103547,42,115.11,2,Month-to-month,1,1,0
C103548,30,110.76,3,Month-to-month,0,0,0
C103549,72,85.88,2,Month-to-month,0,0,0
C103550,70,67.55,0,One year,1,0,0
C103551,56,67.77,1,One year,1,0,0
C103552,11,77.65,1,Month-to-month,1,0,0
C103553,70,25.0,2,Month-to-month,1,1,0
C103554,35,89.92,3,One year,0,0,0
C103555,72,79.71,1,Month-to-month,1,1,0
C103556,43,70.1,2,Two year,1,0,0
C103557,60,62.35,3,One year,0,1,0
C103558,26,99.02,2,One year,1,1,0
C103559,1,52.87,2,Month-to-month,1,1,1
C103560,27,96.02,1,Two year,0,0,0
C103561,71,72.5,4,One year,0,1,1
C103562,64,98.42,0,Two year,0,0,0
C103563,51,55.56,3,One year,1,0,0
C103564,11,109.32,1,Month-to-month,0,0,0
C103565,50,73.58,3,Month-to-month,1,1,0
C103566,45,84.62,1,Month-to-month,1,1,0
C103567,37,44.86,1,One year,1,1,0
C103568,35,100.6,3,Month-to-month,1,1,1
C103569,9,73.98,3,One year,1,1,1
C103570,51,58.56,1,One year,0,1,0
C103571,19,147.35,1,Month-to-month,0,1,1
C103572,2,123.91,4,Month-to-month,0,0,0
C103573,35,33.19,4,Month-to-month,1,0,0
C103574,7,72.92,0,Month-to-month,1,0,0
C103575,13,27.2,0,Two year,0,1,1
C103576,57,57.49,2,Two year,0,1,0
C103577,58,39.11,3,Two year,1,1,0
C103578,28,77.22,0,Month-to-month,0,1,0
C103579,33,34.9,2,One year,0,1,0
C103580,6,106.89,3,Two year,1,1,0
C103581,37,59.23,2,One year,1,0,0
C103582,60,103.19,1,One year,0,0,1
C103583,63,104.09,4,Month-to-month,1,0,0
C103584,71,142.38,2,Month-to-month,0,1,0
C103585,34,88.56,1,Month-to-month,1,0,0
C103586,22,82.61,2,Two year,1,1,0
C103587,31,47.16,1,Two year,0,1,0
C103588,66,80.72,1,Month-to-month,0,1,0
C103589,38,62.66,1,Two year,1,1,0
C103590,26,84.96,2,Month-to-month,1,0,0
C103591,1,78.01,0,Two year,1,0,0
C103592,69,74.13,1,One year,0,1,0
C103593,55,38.67,0,Month-to-month,1,1,0
C103594,12,108.93,2,One year,1,0,0
C103595,60,100.36,1,One year,0,0,0
C103596,12,88.26,0,Month-to-month,1,0,0
C103597,22,78.34,1,Month-to-month,1,1,1
C103598,45,99.09,1,Month-to-month,1,0,0
C103599,19,77.11,0,Month-to-month,1,0,0
C103600,47,122.71,1,Two year,1,1,0
C103601,68,80.82,4,One year,1,0,0
C103602,29,100.35,4,Month-to-month,0,0,0
C103603,36,77.27,3,Two year,0,1,0
C103604,23,72.27,0,Month-to-month,1,0,0
C103605,7,79.89,2,Month-to-month,1,0,0
C103606,21,81.42,2,One year,0,0,0
C103607,69,38.26,1,Month-to-month,0,0,0
C103608,5,106.8,1,One year,0,0,1
C103609,4,57.19,5,One year,1,1,0
C103610,48,56.47,1,Month-to-month,1,0,1
C103611,55,66.12,3,Month-to-month,0,1,0
C103612,14,82.1,0,One year,0,0,1
C103613,24,75.07,1,Two year,1,0,0
C103614,13,87.1,3,Two year,1,0,0
C103615,70,66.52,2,Month-to-month,1,0,0
C103616,7,118.67,0,Month-to-month,0,0,0
C103617,11,70.6,2,Month-to-month,1,0,0
C103618,9,90.14,5,Two year,1,1,1
C103619,56,27.4,0,One year,0,0,0
C103620,70,38.59,3,Two year,0,1,1
C103621,72,54.13,3,Two year,0,1,0
C103622,21,61.09,0,One year,0,0,0
C103623,34,74.3,1,One year,1,0,0
C103624,15,105.05,3,Month-to-month,1,1,0
C103625,23,25.74,0,Month-to-month,0,0,0
C103626,14,91.43,1,Month-to-month,0,1,1
C103627,10,60.45,1,One year,1,0,0
C103628,30,63.2,3,One year,1,0,0
C103629,37,132.83,0,Two year,0,1,0
C103630,46,79.39,1,Month-to-month,0,0,0
C103631,10,65.84,3,One year,1,0,1
C103632,27,49.55,1,One year,1,0,0
C103633,68,93.96,1,Month-to-month,1,1,1
C103634,38,50.64,2,Month-to-month,1,0,0
C103635,25,39.13,0,One year,1,1,0
C103636,57,44.77,2,Month-to-month,1,1,0
C103637,49,60.89,4,Month-to-month,1,1,0
C103638,41,111.03,1,Month-to-month,1,0,0
C103639,34,96.59,2,One year,0,1,1
C103640,50,56.2,3,One year,1,0,0
C103641,37,93.39,4,Two year,0,1,1
C103642,47,43.09,2,Month-to-month,1,0,0
C103643,10,31.03,3,Month-to-month,1,1,0
C103644,58,118.14,2,Month-to-month,0,0,0
C103645,42,124.84,1,Two year,1,0,0
C103646,43,58.52,3,One year,1,1,0
C103647,64,46.0,3,One year,1,1,0
C103648,21,86.98,3,One year,0,0,1
C103649,44,86.76,2,Month-to-month,0,1,0
C103650,44,67.28,0,Two year,0,1,0
C103651,16,56.48,2,Month-to-month,1,0,0
C103652,23,103.36,2,One year,0,1,0
C103653,39,87.13,1,Month-to-month,0,0,0
C103654,50,67.42,3,Month-to-month,1,0,0
C103655,50,52.87,3,Two year,0,0,0
C103656,66,82.14,1,One year,1,1,0
C103657,29,48.56,3,Month-to-month,1,0,0
C103658,60,96.95,1,Month-to-month,0,0,0
C103659,22,107.02,4,Month-to-month,0,0,1
C103660,27,120.3,2,Month-to-month,1,0,0
C103661,31,55.77,0,One year,0,1,0
C103662,34,60.31,1,One year,0,1,0
C103663,38,84.21,2,Month-to-month,1,0,0
C103664,51,113.17,2,One year,1,0,0
C103665,9,74.84,3,Two year,1,0,0
C103666,56,69.29,2,One year,1,0,0
C103667,40,21.54,4,One year,1,1,0
C103668,62,95.56,3,Two year,1,1,0
C103669,67,44.63,0,Month-to-month,0,0,0
C103670,14,78.63,4,Month-to-month,1,0,0
C103671,71,62.53,1,Two year,1,0,0
C103672,16,107.82,5,One year,0,0,1
C103673,39,67.45,1,One year,1,1,0
C103674,20,79.72,3,Two year,0,1,0
C103675,66,77.45,0,Month-to-month,1,0,0
C103676,53,64.03,2,Two year,1,0,0
C103677,45,119.56,1,One year,0,0,0
C103678,1,180.0,2,Two year,1,0,1
C103679,2,52.35,1,One year,0,1,0
C103680,42,69.72,2,One year,1,1,0
C103681,35,59.51,3,Two year,1,1,0
C103682,61,85.46,1,One year,0,1,0
C103683,35,83.8,1,Month-to-month,1,0,0
C103684,64,101.28,2,Two year,1,1,0
C103685,49,42.77,1,Month-to-month,0,0,0
C103686,70,102.67,3,One year,1,0,0
C103687,17,27.12,1,One year,1,1,0
C103688,20,94.36,5,Two year,1,0,0
C103689,57,59.03,3,Month-to-month,1,0,0
C103690,53,42.95,2,Month-to-month,1,0,0
C103691,22,85.08,2,Month-to-month,1,0,0
C103692,44,61.56,1,Month-to-month,0,1,0
C103693,28,115.94,2,Month-to-month,1,0,1
C103694,15,93.68,2,Month-to-month,0,0,0
C103695,20,69.12,0,One year,1,0,0
C103696,22,65.95,1,Two year,0,0,0
C103697,15,75.41,1,One year,1,0,1
C103698,24,129.16,2,Two year,0,1,0
C103699,71,32.71,2,Month-to-month,0,0,0
C103700,16,44.02,6,Month-to-month,0,1,1
C103701,58,115.81,0,Two year,1,1,0
C103702,34,47.65,1,One year,0,1,0
C103703,30,85.63,3,One year,1,1,0
C103704,62,97.61,1,Month-to-month,1,0,0
C103705,50,68.54,1,Two year,1,0,0
C103706,42,97.76,1,Month-to-month,1,1,0
C103707,12,25.67,3,Month-to-month,1,0,0
C103708,1,88.09,2,One year,1,1,0
C103709,8,125.34,0,Two year,1,0,0
C103710,68,81.95,1,Month-to-month,1,1,0
C103711,10,97.27,0,Two year,0,0,0
C103712,29,143.39,2,Two year,0,0,0
C103713,20,74.25,1,One year,0,1,0
C103714,3,44.56,1,Two year,0,0,1
C103715,56,20.0,0,One year,1,0,0
C103716,55,81.46,1,Month-to-month,1,0,0
C103717,26,46.95,2,Month-to-month,0,1,1
C103718,25,99.81,3,One year,0,1,0
C103719,39,106.08,1,Two year,0,1,0
C103720,20,66.44,8,Month-to-month,1,1,0
C103721,58,35.88,1,Month-to-month,0,0,0
C103722,62,99.62,4,Two year,0,0,0
C103723,70,68.97,2,Month-to-month,1,1,1
C103724,52,98.96,3,Two year,1,0,0
C103725,70,79.37,1,Month-to-month,1,0,0
C103726,9,87.33,4,One year,1,0,0
C103727,33,91.15,1,Two year,1,0,0
C103728,47,73.56,1,Two year,0,0,0
C103729,12,94.64,1,One year,0,1,0
C103730,19,120.17,2,One year,1,0,0
C103731,64,44.16,3,Month-to-month,0,1,0
C103732,11,47.43,1,Month-to-month,0,1,0
C103733,38,73.99,0,Month-to-month,1,0,0
C103734,21,49.34,0,Month-to-month,1,0,0
C103735,32,33.7,0,Month-to-month,0,0,0
C103736,34,103.39,0,Month-to-month,1,0,0
C103737,51,91.57,5,One year,1,0,0
C103738,5,58.27,1,Month-to-month,1,1,1
C103739,57,114.85,2,One year,1,0,0
C103740,60,139.49,0,Month-to-month,0,0,0
C103741,3,95.27,0,Two year,0,0,0
C103742,52,114.37,2,One year,0,0,0
C103743,40,80.6,3,One year,0,0,0
C103744,40,83.42,2,One year,1,0,0
C103745,51,51.42,4,Two year,1,0,0
C103746,46,75.37,2,One year,1,0,0
C103747,9,94.62,3,Month-to-month,1,0,1
C103748,51,77.78,3,Two year,1,1,0
C103749,47,88.07,1,Month-to-month,1,0,1
C103750,52,112.64,2,Two year,1,0,0
C103751,16,99.99,3,Month-to-month,1,0,0
C103752,64,106.49,3,Month-to-month,0,1,0
C103753,10,90.38,2,Month-to-month,1,0,1
C103754,3,60.36,0,Month-to-month,1,0,1
C103755,50,38.18,2,Month-to-month,1,1,0
C103756,44,59.07,0,Two year,1,0,0
C103757,8,67.13,1,Month-to-month,1,1,0
C103758,18,66.46,4,One year,0,1,1
C103759,6,87.91,1,One year,1,0,0
C103760,28,137.99,2,Month-to-month,1,1,0
C103761,52,106.57,2,Two year,0,0,0
C103762,10,79.16,2,Month-to-month,0,1,0
C103763,70,56.88,1,Two year,0,0,0
C103764,68,85.28,3,One year,1,1,0
C103765,43,112.49,1,Month-to-month,1,1,0
C103766,43,132.12,0,Two year,1,0,0
C103767,16,52.02,1,One year,1,1,0
C103768,72,117.35,0,One year,0,1,0
C103769,72,71.75,2,Two year,1,1,0
C103770,43,71.71,1,Month-to-month,1,1,1
C103771,68,74.8,2,Two year,0,1,0
C103772,3,98.92,2,Month-to-month,1,0,1
C103773,62,73.86,2,One year,0,0,1
C103774,39,101.73,5,One year,0,0,0
C103775,17,91.28,0,One year,0,1,0
C103776,62,88.33,0,Two year,0,1,0
C103777,12,84.84,2,Two year,0,1,0
C103778,11,77.26,0,Month-to-month,1,1,0
C103779,64,64.99,0,Month-to-month,1,0,0
C103780,29,122.79,2,Month-to-month,0,1,0
C103781,4,67.2,2,Two year,1,0,0
C103782,9,103.32,1,Two year,1,0,0
C103783,41,121.29,3,Month-to-month,1,0,1
C103784,25,83.82,3,Two year,1,0,0
C103785,5,87.98,3,Two year,0,0,0
C103786,48,49.3,3,Month-to-month,1,1,0
C103787,12,42.5,1,Month-to-month,1,1,0
C103788,13,37.57,3,Two year,1,1,1
C103789,27,83.57,1,Month-to-month,1,1,0
C103790,48,56.55,1,Two year,1,0,0
C103791,35,63.02,3,One year,1,0,1
C103792,42,84.6,1,Two year,1,0,0
C103793,49,89.02,6,Month-to-month,1,1,1
C103794,23,64.93,1,Month-to-month,0,0,0
C103795,72,88.7,4,Month-to-month,1,0,0
C103796,24,49.99,4,Month-to-month,0,0,1
C103797,59,41.89,0,Two year,0,0,0
C103798,62,71.6,0,Month-to-month,1,0,1
C103799,52,120.52,1,Month-to-month,1,1,0
C103800,24,54.78,0,Two year,1,0,0
C103801,8,106.51,1,Two year,1,0,0
C103802,36,70.46,1,Two year,0,0,0
C103803,68,96.42,1,Two year,1,0,0
C103804,64,123.64,0,Month-to-month,1,0,0
C103805,24,40.75,3,Month-to-month,1,0,0
C103806,18,67.48,3,One year,0,1,1
C103807,21,87.83,3,Month-to-month,1,1,1
C103808,10,103.82,2,Two year,1,0,1
C103809,40,78.34,4,Month-to-month,1,0,1
C103810,14,95.28,1,Month-to-month,0,0,0
C103811,13,81.76,4,One year,0,0,0
C103812,19,99.79,4,Two year,1,0,1
C103813,24,84.84,1,Month-to-month,0,1,0
C103814,15,39.76,1,Month-to-month,1,0,1
C103815,5,95.96,2,One year,0,1,1
C103816,64,117.32,3,Month-to-month,1,0,0
C103817,62,80.0,3,Month-to-month,1,0,0
C103818,61,93.93,0,Month-to-month,0,0,0
C103819,44,134.24,0,Month-to-month,0,0,0
C103820,56,74.98,2,Month-to-month,1,0,0
C103821,27,85.33,2,Month-to-month,1,0,0
C103822,10,91.81,3,Two year,1,0,1
C103823,55,38.27,1,One year,0,0,0
C103824,30,64.34,2,Month-to-month,1,0,1
C103825,63,97.27,2,Month-to-month,1,1,0
C103826,58,36.96,1,Month-to-month,1,0,0
C103827,28,76.12,3,One year,1,1,1
C103828,63,107.56,2,Month-to-month,1,1,0
C103829,19,66.88,1,Two year,1,1,0
C103830,23,44.06,1,One year,1,0,1
C103831,42,62.4,1,Month-to-month,1,0,1
C103832,65,79.63,2,Month-to-month,1,1,0
C103833,55,111.57,3,One year,1,0,0
C103834,13,79.15,1,One year,1,0,0
C103835,55,42.35,4,Two year,0,0,0
C103836,28,58.91,1,Two year,1,0,0
C103837,35,67.64,0,Two year,1,0,0
C103838,21,101.36,2,Month-to-month,1,1,0
C103839,62,71.6,3,Two year,1,0,1
C103840,43,57.11,1,Month-to-month,0,0,0
C103841,2,80.69,2,Month-to-month,1,1,1
C103842,37,92.1,2,One year,0,0,1
C103843,14,60.64,3,One year,0,1,0
C103844,65,96.74,0,Two year,0,0,0
C103845,70,113.85,2,One year,1,1,0
C103846,1,62.5,2,Month-to-month,1,1,0
C103847,39,101.6,5,Month-to-month,1,0,0
C103848,50,75.7,2,One year,1,1,0
C103849,16,72.72,4,One year,0,0,1
C103850,43,80.03,2,Month-to-month,0,0,0
C103851,56,100.95,2,Two year,1,0,0
C103852,9,53.67,2,One year,0,0,0
C103853,38,66.51,1,Two year,0,0,0
C103854,17,86.55,0,Month-to-month,1,0,1
C103855,3,87.57,1,Month-to-month,1,1,0
C103856,3,126.83,3,Month-to-month,1,1,1
C103857,13,105.06,1,One year,1,1,0
C103858,47,96.22,1,Two year,1,1,0
C103859,18,148.08,0,Month-to-month,0,1,1
C103860,13,28.55,1,Month-to-month,1,1,0
C103861,34,81.56,1,Month-to-month,0,1,1
C103862,9,69.61,4,One year,0,1,0
C103863,58,31.09,4,Month-to-month,1,0,0
C103864,56,96.17,3,Month-to-month,1,1,0
C103865,31,51.47,1,Month-to-month,0,0,0
C103866,44,44.51,0,Month-to-month,1,0,0
C103867,29,94.28,3,Month-to-month,0,1,1
C103868,28,61.42,1,Month-to-month,0,0,0
C103869,66,108.52,3,One year,0,0,0
C103870,66,68.08,2,Two year,1,0,0
C103871,30,86.29,2,Month-to-month,0,0,1
C103872,59,121.67,2,Month-to-month,0,0,0
C103873,48,117.39,3,Month-to-month,1,1,0
C103874,5,72.72,1,Two year,1,0,0
C103875,62,59.58,1,Two year,0,0,0
C103876,40,82.36,1,Month-to-month,1,0,0
C103877,48,84.1,1,Month-to-month,0,0,1
C103878,48,65.3,3,Month-to-month,0,0,0
C103879,63,114.02,2,Month-to-month,1,0,1
C103880,48,51.04,2,Month-to-month,1,1,0
C103881,68,73.75,2,One year,1,1,0
C103882,34,73.16,1,Two year,0,0,0
C103883,9,57.7,2,Two year,1,0,0
C103884,33,59.92,1,Month-to-month,0,1,0
C103885,27,58.74,3,Two year,0,1,0
C103886,61,93.07,4,Two year,0,0,1
C103887,45,88.34,0,Month-to-month,0,0,0
C103888,51,50.85,0,Month-to-month,1,1,0
C103889,48,27.49,2,Two year,0,0,0
C103890,70,82.82,1,Month-to-month,1,1,0
C103891,37,96.1,1,Month-to-month,1,1,0
C103892,70,88.94,0,One year,1,1,0
C103893,63,44.13,4,One year,1,0,0
C103894,69,117.0,0,Month-to-month,1,0,0
C103895,45,73.88,4,Two year,1,1,0
C103896,6,83.49,3,Two year,1,0,0
C103897,69,69.94,0,Month-to-month,1,0,0
C103898,20,80.4,2,Month-to-month,0,0,1
C103899,20,57.42,2,Month-to-month,1,1,0
C103900,16,47.66,0,Month-to-month,1,1,0
C103901,65,124.37,3,Month-to-month,0,0,0
C103902,18,56.45,2,Month-to-month,1,0,0
C103903,9,111.37,0,Month-to-month,1,1,1
C103904,23,67.63,3,Month-to-month,1,0,0
C103905,70,143.87,3,Month-to-month,0,0,0
C103906,56,106.49,0,Month-to-month,1,0,0
C103907,62,82.07,2,Two year,0,0,0
C103908,28,63.0,1,Month-to-month,0,0,1
C103909,15,66.85,0,Month-to-month,1,0,0
C103910,13,106.79,4,Two year,0,1,1
C103911,36,57.55,5,Month-to-month,0,0,0
C103912,49,131.39,3,Month-to-month,1,1,1
C103913,37,66.32,2,Two year,0,1,0
C103914,4,129.24,0,Month-to-month,0,1,1
C103915,52,76.28,2,Month-to-month,1,0,0
C103916,4,83.06,1,Month-to-month,1,0,0
C103917,54,99.79,1,Month-to-month,1,0,1
C103918,36,87.05,3,Month-to-month,0,0,0
C103919,10,63.47,2,Two year,1,1,0
C103920,62,57.45,2,One year,0,0,0
C103921,18,66.86,1,One year,1,0,0
C103922,60,45.44,2,Two year,1,0,0
C103923,8,63.51,0,One year,0,1,0
C103924,39,83.4,2,One year,0,0,1
C103925,9,39.67,4,One year,1,1,0
C103926,43,51.35,4,Month-to-month,1,0,1
C103927,48,74.74,1,Month-to-month,1,0,0
C103928,59,44.15,2,Two year,0,1,0
C103929,34,23.08,2,Month-to-month,1,0,1
C103930,7,46.48,2,Month-to-month,0,0,0
C103931,41,51.5,1,Month-to-month,0,1,0
C103932,41,130.95,1,Month-to-month,0,1,0
C103933,56,90.8,1,Month-to-month,0,0,0
C103934,14,76.29,2,Month-to-month,1,1,0
C103935,27,71.59,2,Two year,1,1,1
C103936,53,53.33,1,One year,0,1,0
C103937,57,68.68,1,One year,0,1,0
C103938,52,83.09,3,Month-to-month,0,0,0
C103939,27,98.42,0,Two year,1,1,1
C103940,72,57.64,2,Month-to-month,1,1,0
C103941,68,76.33,0,Month-to-month,1,0,0
C103942,54,99.88,3,Month-to-month,1,0,0
C103943,64,66.52,1,Month-to-month,1,0,0
C103944,48,53.8,1,One year,1,0,1
C103945,49,91.99,2,One year,0,0,0
C103946,69,92.94,1,Month-to-month,1,1,0
C103947,72,63.93,3,Two year,0,0,0
C103948,35,47.61,1,One year,1,0,0
C103949,66,39.61,6,One year,1,0,0
C103950,52,72.02,2,Month-to-month,0,0,0
C103951,51,64.74,3,One year,1,0,0
C103952,62,104.71,2,Month-to-month,0,1,0
C103953,25,71.9,1,Month-to-month,1,0,0
C103954,35,133.34,0,Month-to-month,1,0,0
C103955,20,95.6,1,Two year,1,1,0
C103956,32,61.43,2,Month-to-month,1,1,0
C103957,41,80.58,1,Month-to-month,0,1,0
C103958,19,115.94,1,Month-to-month,1,1,0
C103959,36,105.95,1,One year,0,1,1
C103960,16,67.09,2,Two year,0,0,0
C103961,35,43.21,1,One year,0,0,0
C103962,49,76.37,1,Month-to-month,0,0,0
C103963,45,148.3,2,One year,1,1,0
C103964,19,83.49,3,Two year,1,0,0
C103965,30,108.8,3,Month-to-month,1,0,0
C103966,45,69.53,2,One year,1,0,0
C103967,48,78.02,2,Month-to-month,1,0,1
C103968,49,87.68,3,Two year,1,0,0
C103969,15,59.27,5,Month-to-month,1,1,0
C103970,10,93.71,1,One year,1,1,0
C103971,63,62.54,3,Month-to-month,0,0,0
C103972,37,106.6,1,Month-to-month,1,0,1
C103973,58,106.01,3,Two year,1,1,0
C103974,17,116.12,0,Month-to-month,0,0,0
C103975,29,70.42,0,Month-to-month,1,0,0
C103976,32,108.39,2,One year,0,0,0
C103977,43,64.23,4,Month-to-month,1,0,1
C103978,42,107.1,1,Month-to-month,0,1,1
C103979,34,89.69,0,One year,1,0,0
C103980,28,81.3,1,Two year,1,0,1
C103981,28,108.39,0,Two year,1,1,0
C103982,37,55.58,2,One year,1,0,0
C103983,58,80.58,0,Month-to-month,1,0,1
C103984,66,99.1,1,One year,0,0,0
C103985,47,36.26,1,Two year,1,0,0
C103986,66,62.86,2,One year,0,0,0
C103987,36,67.87,3,Month-to-month,1,1,0
C103988,42,47.97,3,Two year,1,0,0
C103989,66,70.25,1,One year,0,0,0
C103990,18,122.43,3,Month-to-month,1,0,0
C103991,19,96.66,4,Month-to-month,1,0,0
C103992,3,64.23,2,One year,1,0,0
C103993,62,99.57,2,One year,0,1,0
C103994,35,108.13,1,One year,1,0,0
C103995,46,53.08,1,Two year,1,1,0
C103996,35,85.58,2,Month-to-month,0,0,1
C103997,23,80.96,1,Month-to-month,1,0,0
C103998,15,76.21,2,One year,1,0,1
C103999,27,81.35,3,Month-to-month,1,1,1
C104000,13,95.06,0,Two year,0,0,0
C104001,37,65.01,2,Two year,0,0,0
C104002,30,82.22,0,Month-to-month,1,1,0
C104003,61,25.11,0,Two year,1,0,0
C104004,55,65.67,2,Month-to-month,1,0,0
C104005,25,29.07,1,Month-to-month,1,0,0
C104006,66,69.22,0,Month-to-month,0,1,0
C104007,51,46.94,1,Month-to-month,1,0,0
C104008,12,77.79,2,Month-to-month,0,1,0
C104009,20,56.35,2,Month-to-month,1,0,0
C104010,62,59.19,2,Month-to-month,0,0,0
C104011,21,80.74,2,Month-to-month,1,1,1
C104012,24,68.09,0,Month-to-month,1,1,1
C104013,25,82.39,0,Two year,1,0,0
C104014,47,48.64,0,Month-to-month,1,1,0
C104015,36,66.6,3,Month-to-month,1,0,0
C104016,55,95.07,0,Month-to-month,1,0,0
C104017,1,83.13,1,Month-to-month,1,0,0
C104018,20,73.81,2,Month-to-month,0,0,1
C104019,64,48.18,3,Two year,1,1,0
C104020,51,47.38,2,One year,0,1,1
C104021,11,61.97,1,One year,0,1,0
C104022,23,52.66,1,Month-to-month,1,0,0
C104023,33,59.23,1,Two year,0,0,0
C104024,4,62.82,0,Two year,1,0,0
C104025,52,67.01,1,Two year,1,1,0
C104026,33,82.14,6,Month-to-month,0,1,0
C104027,33,51.87,2,Two year,1,0,0
C104028,32,58.28,1,One year,1,1,0
C104029,5,42.94,3,Month-to-month,1,0,1
C104030,17,77.61,2,Month-to-month,1,1,0
C104031,26,102.28,2,Month-to-month,0,0,1
C104032,16,84.83,0,One year,1,0,0
C104033,45,38.4,2,Two year,1,0,0
C104034,43,28.34,2,One year,0,1,0
C104035,68,140.49,4,Month-to-month,1,1,0
C104036,27,96.22,0,Month-to-month,1,0,0
C104037,10,78.97,2,Month-to-month,1,1,0
C104038,7,100.25,0,One year,1,0,1
C104039,18,73.64,0,One year,1,0,0
C104040,67,77.33,2,Two year,0,0,1
C104041,69,55.94,0,Month-to-month,1,1,0
C104042,60,71.5,2,Two year,0,0,0
C104043,5,81.41,0,Month-to-month,1,1,0
C104044,52,71.56,2,Month-to-month,1,0,0
C104045,72,73.07,3,Month-to-month,0,1,0
C104046,72,33.89,3,Month-to-month,1,1,0
C104047,49,100.81,1,Month-to-month,1,1,0
C104048,23,92.02,2,Month-to-month,1,1,0
C104049,16,36.22,1,One year,1,1,0
C104050,44,60.77,1,Month-to-month,1,1,0
C104051,51,36.82,5,One year,0,0,0
C104052,42,111.72,1,One year,1,0,0
C104053,21,115.35,3,Month-to-month,1,0,1
C104054,3,82.25,1,Month-to-month,1,0,0
C104055,52,76.92,2,Month-to-month,1,0,0
C104056,61,96.75,3,Month-to-month,1,1,0
C104057,18,99.29,1,Month-to-month,1,0,0
C104058,9,117.08,1,Two year,0,1,0
C104059,12,110.76,1,Two year,1,0,0
C104060,68,92.29,2,Month-to-month,0,0,0
C104061,16,77.63,3,One year,0,1,0
C104062,8,65.34,5,Month-to-month,1,0,1
C104063,30,98.6,1,Two year,0,1,0
C104064,64,63.34,0,Month-to-month,1,1,0
C104065,20,83.01,2,Month-to-month,1,0,0
C104066,36,61.39,1,One year,1,0,0
C104067,64,39.91,3,Two year,1,0,0
C104068,8,84.59,3,Two year,1,1,0
C104069,64,101.68,3,Month-to-month,0,0,0
C104070,56,51.85,3,Month-to-month,0,1,0
C104071,54,58.07,3,One year,1,1,0
C104072,57,87.91,1,Month-to-month,1,1,0
C104073,3,67.78,1,Month-to-month,1,1,1
C104074,44,82.6,1,Month-to-month,1,0,0
C104075,12,85.83,1,Two year,1,1,0
C104076,50,119.23,3,One year,1,0,0
C104077,57,106.97,2,Month-to-month,0,0,0
C104078,26,106.49,0,One year,1,1,0
C104079,67,105.25,0,Two year,1,1,0
C104080,30,88.79,2,Two year,1,0,0
C104081,8,102.42,2,Two year,0,0,0
C104082,38,101.42,2,One year,1,0,0
C104083,7,26.65,0,One year,0,0,0
C104084,22,90.81,0,Month-to-month,0,1,0
C104085,53,117.36,4,One year,1,0,0
C104086,40,88.31,3,One year,1,0,0
C104087,24,57.95,3,Month-to-month,0,0,0
C104088,52,101.51,3,Month-to-month,0,0,0
C104089,36,48.04,4,Month-to-month,1,0,0
C104090,28,82.18,4,Two year,1,0,0
C104091,9,92.27,1,One year,0,1,1
C104092,58,132.15,2,Two year,1,1,0
C104093,59,108.02,1,Two year,1,1,0
C104094,56,80.18,2,One year,0,1,1
C104095,62,90.59,1,One year,1,0,0
C104096,7,39.96,1,Month-to-month,1,0,0
C104097,22,74.7,3,One year,1,1,0
C104098,3,48.01,1,One year,1,0,0
C104099,6,135.5,2,Month-to-month,0,1,0
C104100,69,65.16,2,One year,1,0,0
C104101,54,56.54,2,Month-to-month,0,1,0
C104102,9,72.8,2,Month-to-month,0,0,0
C104103,56,106.26,3,One year,0,0,0
C104104,44,73.48,0,Month-to-month,1,0,0
C104105,36,67.69,3,Two year,1,0,0
C104106,53,77.3,2,Two year,1,0,0
C104107,63,91.63,4,Month-to-month,1,1,0
C104108,59,50.86,1,Month-to-month,0,1,0
C104109,54,100.92,2,Month-to-month,0,1,0
C104110,46,97.59,3,Month-to-month,1,0,0
C104111,52,105.99,1,Two year,1,0,0
C104112,21,63.52,2,One year,1,1,0
C104113,42,77.19,0,Two year,0,0,1
C104114,36,98.78,2,One year,1,1,0
C104115,67,111.58,1,Month-to-month,1,1,0
C104116,45,116.78,2,Two year,1,0,1
C104117,42,60.26,2,Two year,1,1,0
C104118,72,77.32,4,One year,1,1,0
C104119,54,71.56,2,Month-to-month,1,1,0
C104120,53,107.25,1,Month-to-month,1,0,0
C104121,48,75.22,0,Two year,0,1,0
C104122,20,100.3,1,One year,0,0,0
C104123,29,63.78,0,One year,1,0,0
C104124,17,36.49,2,One year,1,0,0
C104125,40,71.11,1,Two year,1,0,0
C104126,2,65.93,2,Month-to-month,0,0,1
C104127,16,57.7,1,Month-to-month,1,0,1
C104128,40,57.02,1,Month-to-month,1,0,0
C104129,70,40.88,1,One year,1,1,0
C104130,11,61.52,0,Month-to-month,0,0,0
C104131,10,57.46,2,Two year,1,1,0
C104132,9,102.11,2,One year,0,0,0
C104133,33,62.21,1,Month-to-month,1,1,1
C104134,8,82.33,4,One year,0,0,1
C104135,4,84.99,3,Month-to-month,1,0,1
C104136,39,59.63,2,One year,0,0,0
C104137,12,136.79,2,Month-to-month,1,0,0
C104138,9,93.37,2,Month-to-month,0,1,0
C104139,38,85.1,2,Two year,0,0,0
C104140,31,87.13,4,Month-to-month,1,1,0
C104141,34,74.45,2,Month-to-month,1,0,1
C104142,12,59.58,0,One year,0,1,1
C104143,67,66.6,2,One year,1,0,0
C104144,41,61.89,2,Month-to-month,0,0,1
C104145,42,63.1,1,Month-to-month,1,0,1
C104146,46,82.6,2,Month-to-month,1,1,0
C104147,37,27.98,2,Two year,0,0,0
C104148,67,79.69,2,One year,1,0,0
C104149,21,71.37,2,Two year,1,1,0
C104150,54,85.64,0,Month-to-month,1,0,0
C104151,41,136.64,1,One year,0,0,0
C104152,62,42.28,1,Month-to-month,1,1,0
C104153,42,45.87,0,One year,0,1,0
C104154,68,75.05,3,One year,1,0,0
C104155,64,129.44,5,Month-to-month,0,0,0
C104156,18,35.65,3,Month-to-month,1,0,1
C104157,65,75.45,1,Month-to-month,0,0,0
C104158,31,60.04,1,Month-to-month,1,0,0
C104159,30,75.71,1,Month-to-month,0,0,0
C104160,72,45.14,1,Month-to-month,0,0,0
C104161,27,69.56,1,Month-to-month,0,0,1
C104162,23,90.11,1,One year,1,1,0
C104163,55,63.04,4,Month-to-month,1,1,0
C104164,14,96.39,4,Month-to-month,1,0,0
C104165,6,127.03,2,Month-to-month,0,0,0
C104166,45,96.12,1,One year,0,0,0
C104167,17,107.31,4,Month-to-month,0,0,0
C104168,54,98.3,1,Month-to-month,1,0,1
C104169,21,68.99,1,One year,0,0,0
C104170,22,26.13,6,One year,0,0,0
C104171,39,55.26,1,Month-to-month,0,1,0
C104172,39,103.77,0,Month-to-month,1,1,0
C104173,13,46.97,0,Month-to-month,1,1,1
C104174,59,74.7,3,Month-to-month,0,0,0
C104175,17,78.76,0,Two year,0,0,0
C104176,8,50.84,1,Month-to-month,0,1,1
C104177,9,118.84,1,Month-to-month,0,0,0
C104178,68,91.65,1,Month-to-month,0,0,0
C104179,35,118.03,1,Month-to-month,1,0,1
C104180,13,110.21,3,Month-to-month,1,1,0
C104181,41,100.21,1,Two year,1,1,0
C104182,7,31.15,3,One year,1,0,0
C104183,3,49.95,3,Two year,1,0,0
C104184,48,78.65,2,Month-to-month,1,0,0
C104185,8,73.22,0,Two year,0,1,0
C104186,25,65.2,2,Two year,0,0,0
C104187,63,76.49,1,One year,1,0,0
C104188,42,147.51,3,One year,1,1,0
C104189,47,76.17,4,Month-to-month,0,1,1
C104190,26,71.55,1,One year,1,1,0
C104191,72,78.09,2,One year,1,0,0
C104192,27,90.53,0,One year,1,0,1
C104193,32,90.34,0,Two year,1,0,0
C104194,12,81.06,2,One year,1,1,0
C104195,15,60.99,1,Month-to-month,0,0,0
C104196,10,58.92,1,One year,1,0,0
C104197,57,75.04,1,Month-to-month,1,0,0
C104198,48,66.09,1,Two year,0,0,0
C104199,18,50.06,0,Month-to-month,1,0,0
C104200,47,43.6,3,One year,1,1,0
C104201,34,95.09,2,One year,1,0,0
C104202,9,45.75,2,One year,0,0,0
C104203,34,84.86,2,One year,1,0,0
C104204,54,125.39,1,Month-to-month,0,0,1
C104205,63,29.2,3,One year,1,0,0
C104206,42,76.33,0,One year,1,0,0
C104207,29,60.62,1,Month-to-month,0,0,0
C104208,17,72.57,1,Month-to-month,1,1,0
C104209,56,45.49,2,Month-to-month,0,0,0
C104210,53,57.25,3,Month-to-month,1,1,0
C104211,53,103.4,3,Two year,0,1,0
C104212,61,105.06,4,Month-to-month,1,0,0
C104213,63,81.08,2,Two year,1,1,0
C104214,12,49.34,4,Month-to-month,1,0,1
C104215,40,71.1,1,One year,1,0,0
C104216,33,126.54,3,Month-to-month,1,0,0
C104217,33,65.18,1,Two year,1,1,0
C104218,19,144.62,1,Month-to-month,0,0,1
C104219,31,86.1,1,One year,1,0,0
C104220,22,75.64,0,One year,0,1,0
C104221,22,75.72,2,Month-to-month,0,1,0
C104222,31,65.25,3,One year,1,1,0
C104223,66,69.23,1,Month-to-month,0,1,1
C104224,32,104.37,2,Month-to-month,1,0,0
C104225,48,119.28,2,Two year,0,1,1
C104226,70,53.05,1,One year,1,1,0
C104227,34,83.64,0,Month-to-month,1,1,0
C104228,5,25.99,1,Two year,1,0,0
C104229,15,51.0,0,Month-to-month,1,1,0
C104230,2,86.89,1,Month-to-month,0,1,1
C104231,24,81.93,4,One year,0,1,0
C104232,29,99.36,0,Month-to-month,0,0,0
C104233,57,80.79,1,Month-to-month,0,0,0
C104234,64,74.53,3,Month-to-month,0,1,1
C104235,56,25.15,1,Two year,1,0,0
C104236,30,80.01,1,One year,0,1,0
C104237,53,78.74,2,Two year,0,0,0
C104238,24,42.85,0,Month-to-month,1,0,0
C104239,67,74.18,2,One year,0,0,0
C104240,52,82.34,1,Two year,1,1,0
C104241,25,101.88,1,One year,1,1,0
C104242,8,125.47,1,Month-to-month,1,0,0
C104243,48,39.4,2,Month-to-month,1,0,0
C104244,12,41.21,1,One year,0,0,0
C104245,23,42.08,1,Month-to-month,1,1,0
C104246,12,85.11,4,Month-to-month,0,1,0
C104247,69,45.29,2,One year,0,1,0
C104248,31,76.65,2,One year,1,0,0
C104249,46,89.55,3,Month-to-month,0,0,0
C104250,61,41.03,2,Month-to-month,1,1,0
C104251,60,80.67,5,Month-to-month,0,0,0
C104252,29,87.76,1,Month-to-month,1,1,0
C104253,5,36.3,3,Two year,1,1,0
C104254,13,60.55,1,Month-to-month,1,1,0
C104255,57,48.68,3,Two year,1,0,0
C104256,49,76.14,1,One year,1,1,0
C104257,52,50.8,1,One year,1,1,0
C104258,10,160.69,2,One year,0,0,0
C104259,4,90.12,4,Month-to-month,1,0,1
C104260,46,70.57,0,Month-to-month,1,1,0
C104261,42,80.8,3,One year,0,0,0
C104262,15,67.94,2,Month-to-month,1,1,0
C104263,18,66.92,1,Month-to-month,1,0,0
C104264,65,64.65,2,Month-to-month,1,1,1
C104265,71,70.98,1,Month-to-month,0,1,0
C104266,15,85.04,2,Two year,1,0,0
C104267,67,49.87,2,One year,0,0,1
C104268,7,40.19,1,One year,1,0,0
C104269,22,98.7,3,Two year,1,1,0
C104270,56,116.89,2,Month-to-month,0,0,0
C104271,27,72.98,3,Month-to-month,1,0,0
C104272,49,79.01,2,Two year,0,1,0
C104273,18,75.48,0,Two year,1,0,1
C104274,20,73.5,1,Month-to-month,1,0,0
C104275,36,103.56,1,Two year,0,0,1
C104276,42,64.28,4,Two year,1,1,0
C104277,72,100.74,2,Two year,0,0,0
C104278,71,64.67,4,Month-to-month,0,1,0
C104279,14,69.46,2,One year,1,0,0
C104280,28,63.26,2,Two year,0,0,0
C104281,69,42.8,1,One year,0,1,0
C104282,16,84.84,2,Month-to-month,1,1,1
C104283,3,91.29,1,One year,1,1,0
C104284,7,50.47,3,Month-to-month,1,1,0
C104285,56,83.96,1,One year,1,1,0
C104286,26,69.76,1,Month-to-month,0,0,1
C104287,60,72.71,1,One year,0,0,0
C104288,51,68.41,1,Month-to-month,0,1,0
C104289,20,81.4,4,One year,1,0,1
C104290,22,74.98,2,Month-to-month,0,0,0
C104291,52,76.91,1,One year,0,0,0
C104292,3,91.17,1,Month-to-month,1,1,0
C104293,40,90.81,2,One year,1,1,0
C104294,59,52.42,1,One year,1,0,0
C104295,54,100.48,2,Month-to-month,1,0,0
C104296,25,104.52,3,Month-to-month,0,1,0
C104297,31,63.8,1,One year,0,1,0
C104298,10,32.18,1,One year,1,0,0
C104299,70,47.83,1,Two year,1,1,0
C104300,31,87.62,2,One year,1,0,0
C104301,41,66.86,1,One year,1,0,0
C104302,29,88.73,2,One year,1,0,0
C104303,70,124.12,2,Month-to-month,1,0,0
C104304,68,51.44,3,One year,1,0,0
C104305,70,73.54,1,Two year,0,1,0
C104306,18,112.62,0,Two year,0,0,0
C104307,41,64.65,0,Month-to-month,1,1,0
C104308,45,38.68,2,Two year,0,1,0
C104309,61,78.97,1,Month-to-month,0,1,1
C104310,33,119.22,1,Two year,1,0,0
C104311,60,98.62,2,Two year,1,0,0
C104312,3,49.04,1,One year,0,0,0
C104313,22,57.33,3,One year,1,0,0
C104314,1,29.77,0,One year,1,1,0
C104315,39,89.85,1,Two year,0,0,0
C104316,35,98.15,3,Month-to-month,1,0,0
C104317,2,81.28,0,One year,0,0,1
C104318,37,62.52,2,Month-to-month,0,0,0
C104319,24,82.17,6,Month-to-month,0,1,0
C104320,10,39.24,2,Month-to-month,1,0,0
C104321,32,67.92,1,Month-to-month,0,1,0
C104322,33,92.26,2,Month-to-month,0,0,0
C104323,57,94.21,0,Month-to-month,1,0,0
C104324,69,85.91,0,Month-to-month,0,0,0
C104325,36,30.91,3,Month-to-month,1,0,0
C104326,52,45.08,2,Month-to-month,1,1,0
C104327,56,62.66,4,One year,1,1,0
C104328,4,104.44,3,Two year,1,0,1
C104329,15,68.22,1,Month-to-month,1,1,0
C104330,15,72.57,2,One year,1,1,0
C104331,53,86.8,0,One year,1,0,0
C104332,24,75.51,2,Two year,0,0,0
C104333,62,76.88,1,Month-to-month,1,0,0
C104334,6,54.03,2,One year,1,1,1
C104335,18,59.44,0,Two year,1,1,0
C104336,36,81.49,2,One year,1,0,0
C104337,60,117.52,1,Month-to-month,0,0,0
C104338,52,55.11,1,Month-to-month,1,0,0
C104339,44,69.3,0,Month-to-month,1,1,0
C104340,35,84.89,3,Two year,0,1,0
C104341,34,119.42,2,Month-to-month,1,0,0
C104342,36,100.25,2,One year,1,1,0
C104343,50,44.09,3,Month-to-month,1,0,0
C104344,44,66.22,1,Two year,0,1,0
C104345,52,63.5,0,One year,1,1,0
C104346,10,47.4,1,Two year,1,0,0
C104347,47,76.3,4,One year,1,1,0
C104348,68,117.06,0,Month-to-month,1,1,0
C104349,46,81.38,2,One year,1,1,0
C104350,51,83.37,0,One year,1,1,0
C104351,30,49.13,6,Month-to-month,0,1,1
C104352,54,102.8,5,One year,0,1,0
C104353,52,86.99,3,Month-to-month,1,1,0
C104354,68,86.04,0,One year,1,0,0
C104355,18,100.6,3,Month-to-month,1,0,0
C104356,58,62.02,3,One year,1,0,0
C104357,8,40.47,0,Month-to-month,0,0,1
C104358,5,84.03,2,One year,1,1,0
C104359,67,71.98,2,Month-to-month,0,1,0
C104360,57,67.46,1,Month-to-month,0,0,0
C104361,57,118.14,2,Two year,0,0,0
C104362,44,106.49,0,Two year,1,0,0
C104363,40,84.02,0,Two year,1,0,0
C104364,30,51.77,0,Month-to-month,0,1,0
C104365,57,176.25,0,Month-to-month,0,1,1
C104366,57,90.45,0,One year,1,0,0
C104367,6,76.98,1,Month-to-month,0,0,0
C104368,15,61.72,2,One year,1,0,1
C104369,30,71.84,5,Two year,0,0,0
C104370,59,53.9,1,Month-to-month,1,1,0
C104371,13,46.77,1,Month-to-month,0,1,1
C104372,35,72.47,2,One year,0,1,0
C104373,48,103.83,2,Month-to-month,0,0,0
C104374,56,75.92,6,One year,1,1,0
C104375,55,20.0,4,Two year,0,0,0
C104376,60,119.67,1,Month-to-month,1,0,0
C104377,29,40.94,2,Two year,0,0,0
C104378,36,54.05,1,One year,0,0,1
C104379,18,103.05,3,Month-to-month,0,0,0
C104380,1,93.74,3,One year,0,0,1
C104381,23,112.39,1,Month-to-month,1,0,0
C104382,6,98.21,1,Month-to-month,1,0,1
C104383,41,101.38,4,Month-to-month,1,0,1
C104384,35,58.39,1,Month-to-month,0,0,0
C104385,4,62.64,2,Month-to-month,1,1,0
C104386,42,85.38,1,Month-to-month,0,1,0
C104387,9,67.54,2,One year,1,1,0
C104388,23,82.56,1,Month-to-month,0,1,0
C104389,71,110.96,5,Month-to-month,1,0,0
C104390,38,98.06,0,Month-to-month,1,1,0
C104391,15,112.82,2,Month-to-month,0,0,0
C104392,1,73.72,2,One year,0,0,1
C104393,39,73.92,0,Two year,1,0,0
C104394,70,102.41,7,Month-to-month,0,0,1
C104395,65,20.0,1,Month-to-month,1,0,0
C104396,62,108.7,0,One year,0,0,0
C104397,64,70.64,2,Two year,1,1,0
C104398,34,66.32,1,Month-to-month,1,0,0
C104399,2,54.58,2,Month-to-month,1,0,1
C104400,32,84.21,2,One year,1,0,1
C104401,18,97.8,2,Month-to-month,1,0,0
C104402,20,83.7,1,One year,1,0,0
C104403,16,40.94,1,Month-to-month,1,1,0
C104404,40,113.05,4,Month-to-month,1,0,0
C104405,55,30.9,1,One year,1,0,0
C104406,43,90.77,2,One year,1,1,0
C104407,3,57.43,2,One year,0,0,0
C104408,49,58.68,0,One year,1,1,0
C104409,7,29.53,0,Two year,0,1,0
C104410,63,39.79,1,One year,1,0,0
C104411,29,115.9,1,One year,0,0,0
C104412,45,77.59,0,Month-to-month,1,0,0
C104413,54,75.16,2,Month-to-month,1,0,0
C104414,27,78.41,1,Month-to-month,0,1,0
C104415,62,99.73,0,Month-to-month,1,1,0
C104416,57,78.53,3,Two year,1,1,1
C104417,7,83.3,1,One year,1,0,0
C104418,45,82.87,3,Two year,0,1,0
C104419,58,74.77,1,One year,1,0,0
C104420,59,66.07,3,Month-to-month,1,0,1
C104421,1,95.88,1,Month-to-month,1,1,1
C104422,59,60.71,1,Two year,0,1,0
C104423,60,107.26,2,Two year,0,1,1
C104424,44,103.08,1,Two year,0,1,0
C104425,12,103.54,2,Month-to-month,0,1,1
C104426,18,52.54,3,Two year,1,0,0
C104427,31,108.29,1,Month-to-month,1,1,0
C104428,58,99.96,2,Month-to-month,0,1,0
C104429,10,38.71,1,One year,1,0,0
C104430,64,65.06,0,Month-to-month,0,0,0
C104431,15,128.76,1,Month-to-month,0,1,1
C104432,39,72.29,2,One year,0,0,0
C104433,53,118.31,1,Month-to-month,1,1,0
C104434,19,105.87,1,Month-to-month,0,1,0
C104435,63,58.62,0,Month-to-month,0,1,0
C104436,39,91.29,0,One year,1,0,1
C104437,53,75.67,3,Two year,1,0,0
C104438,69,35.45,1,Month-to-month,1,0,0
C104439,1,66.62,1,Month-to-month,0,0,0
C104440,30,102.54,2,Two year,0,1,1
C104441,10,73.47,2,One year,0,1,1
C104442,64,50.96,3,One year,1,0,0
C104443,15,106.92,0,Month-to-month,1,0,0
C104444,71,75.3,3,Month-to-month,1,0,0
C104445,8,114.09,2,Two year,1,0,0
C104446,11,50.6,4,Month-to-month,0,0,1
C104447,11,122.06,1,Month-to-month,0,0,1
C104448,47,90.71,3,Two year,1,1,0
C104449,72,97.43,2,Month-to-month,1,1,0
C104450,53,94.03,3,Two year,1,0,0
C104451,55,73.9,0,Month-to-month,1,0,0
C104452,65,45.4,0,Two year,1,0,0
C104453,50,49.24,2,Two year,1,0,0
C104454,61,103.71,3,One year,1,1,0
C104455,46,75.61,2,Month-to-month,1,0,0
C104456,25,97.5,0,Month-to-month,0,0,0
C104457,57,85.37,2,Two year,1,1,0
C104458,49,78.3,1,Month-to-month,0,0,0
C104459,9,81.56,2,Month-to-month,0,0,0
C104460,6,107.44,1,Month-to-month,1,0,1
C104461,65,56.0,1,One year,1,1,0
C104462,36,72.65,4,Month-to-month,1,0,0
C104463,56,97.69,1,One year,0,0,0
C104464,68,20.0,0,Month-to-month,0,0,0
C104465,19,85.88,2,Month-to-month,1,0,0
C104466,53,57.96,0,One year,1,0,0
C104467,33,92.64,0,Month-to-month,0,1,0
C104468,12,35.87,1,One year,1,1,0
C104469,8,99.9,3,Month-to-month,0,1,0
C104470,9,37.68,0,One year,1,1,0
C104471,42,55.7,0,Two year,1,1,0
C104472,49,80.08,2,One year,1,0,0
C104473,39,53.74,0,Month-to-month,0,0,0
C104474,19,76.27,2,Month-to-month,0,0,1
C104475,52,49.4,0,Month-to-month,0,1,0
C104476,69,66.36,1,Month-to-month,0,1,1
C104477,72,97.37,0,Month-to-month,1,1,0
C104478,15,84.87,1,Month-to-month,0,0,0
C104479,17,114.23,2,Month-to-month,1,0,0
C104480,71,69.55,2,Two year,1,0,0
C104481,42,99.77,0,One year,1,0,0
C104482,44,92.41,0,Month-to-month,1,1,0
C104483,8,131.21,0,One year,1,0,0
C104484,57,152.01,3,Month-to-month,0,0,1
C104485,38,91.21,1,Month-to-month,1,1,0
C104486,32,61.04,1,Month-to-month,1,0,0
C104487,32,62.04,3,Month-to-month,1,0,0
C104488,32,101.14,1,One year,1,1,1
C104489,26,65.28,2,One year,1,1,0
C104490,48,84.05,2,Month-to-month,0,0,0
C104491,71,48.28,1,One year,0,0,0
C104492,68,72.2,2,Month-to-month,0,1,1
C104493,41,73.17,2,Two year,1,1,0
C104494,22,71.55,5,One year,1,0,0
C104495,29,110.28,1,Month-to-month,1,0,0
C104496,18,89.71,1,Month-to-month,0,0,0
C104497,16,98.54,3,Month-to-month,1,1,0
C104498,15,88.14,0,One year,1,1,0
C104499,42,43.12,1,Two year,0,0,0
C104500,59,94.21,5,Month-to-month,1,0,0
C104501,35,55.16,2,Two year,0,0,0
C104502,9,61.26,2,One year,1,1,0
C104503,33,61.95,3,One year,1,0,0
C104504,58,123.5,2,Two year,1,0,0
C104505,71,83.53,1,Month-to-month,1,1,0
C104506,35,85.74,3,One year,1,1,0
C104507,51,114.43,1,Month-to-month,0,0,1
C104508,7,63.54,0,Month-to-month,1,1,1
C104509,57,114.49,0,Month-to-month,0,0,0
C104510,5,65.43,2,Two year,1,0,0
C104511,24,74.27,3,Month-to-month,0,0,1
C104512,23,64.86,2,Month-to-month,0,0,0
C104513,36,60.93,3,Month-to-month,0,1,0
C104514,20,74.41,2,Month-to-month,0,0,0
C104515,62,103.4,2,Month-to-month,1,0,1
C104516,43,132.84,1,One year,1,1,0
C104517,46,27.96,3,Month-to-month,1,0,0
C104518,60,112.63,2,Two year,1,1,0
C104519,19,81.18,2,Month-to-month,1,1,0
C104520,39,72.78,2,Two year,1,0,0
C104521,6,75.95,2,Month-to-month,1,0,0
C104522,69,112.08,7,One year,1,0,0
C104523,69,96.72,1,One year,0,0,0
C104524,35,62.07,2,Month-to-month,1,0,0
C104525,27,97.87,1,Month-to-month,1,0,0
C104526,71,74.95,4,Month-to-month,0,1,0
C104527,46,61.23,1,One year,0,0,0
C104528,22,46.01,1,Month-to-month,0,1,0
C104529,27,53.82,1,Month-to-month,1,0,0
C104530,23,86.18,2,One year,1,1,0
C104531,12,63.34,3,Two year,1,0,0
C104532,42,89.54,2,One year,1,0,0
C104533,4,104.92,2,Two year,1,1,0
C104534,47,69.76,1,One year,0,0,0
C104535,7,71.69,0,Month-to-month,1,1,0
C104536,31,40.06,2,Month-to-month,1,0,0
C104537,46,109.46,1,Month-to-month,1,1,0
C104538,15,103.13,1,Month-to-month,0,1,1
C104539,23,73.79,4,Month-to-month,0,1,0
C104540,37,68.7,1,Month-to-month,1,0,0
C104541,63,74.14,1,Month-to-month,1,0,1
C104542,42,82.56,1,One year,0,1,0
C104543,43,89.83,0,Month-to-month,0,0,0
C104544,43,76.44,1,Month-to-month,0,0,0
C104545,28,76.81,2,One year,0,1,0
C104546,20,98.19,2,One year,0,0,0
C104547,69,92.72,3,Two year,0,1,0
C104548,10,123.91,2,Month-to-month,1,1,0
C104549,49,104.17,3,Two year,1,0,0
C104550,27,46.36,1,Month-to-month,0,1,0
C104551,57,74.81,1,One year,1,1,0
C104552,49,69.93,1,Two year,1,1,0
C104553,22,53.32,2,Two year,0,1,0
C104554,20,80.0,1,Month-to-month,0,1,0
C104555,48,98.8,1,Month-to-month,0,1,1
C104556,39,71.02,1,Month-to-month,0,1,0
C104557,3,83.19,3,Month-to-month,0,0,1
C104558,22,79.57,0,Month-to-month,1,0,1
C104559,12,86.51,0,Month-to-month,1,0,0
C104560,13,51.14,1,One year,1,1,1
C104561,37,118.22,0,Month-to-month,1,1,0
C104562,28,90.46,3,Month-to-month,1,1,0
C104563,17,62.88,1,One year,1,1,0
C104564,5,133.35,4,Month-to-month,1,1,0
C104565,37,66.48,0,Month-to-month,1,0,0
C104566,22,64.27,4,Month-to-month,0,1,0
C104567,16,82.87,2,Two year,1,1,0
C104568,10,87.45,2,One year,1,0,1
C104569,37,104.91,1,Month-to-month,1,0,0
C104570,32,109.85,3,One year,0,1,0
C104571,50,83.42,0,Month-to-month,1,1,0
C104572,10,87.81,1,One year,1,0,0
C104573,7,47.53,1,Month-to-month,1,0,0
C104574,4,121.86,1,Two year,0,0,1
C104575,51,56.8,1,Month-to-month,1,0,0
C104576,17,84.02,2,Month-to-month,1,0,0
C104577,61,105.52,2,Month-to-month,0,1,0
C104578,22,62.26,2,Month-to-month,1,1,1
C104579,65,106.56,2,Two year,1,0,0
C104580,9,62.89,2,Month-to-month,0,0,1
C104581,18,89.3,2,Month-to-month,1,0,1
C104582,59,86.44,4,Two year,1,0,0
C104583,21,34.36,1,Two year,1,1,1
C104584,56,82.1,2,Two year,1,0,0
C104585,4,64.36,3,Month-to-month,1,1,0
C104586,22,122.18,2,Month-to-month,0,1,0
C104587,68,74.52,2,Two year,1,1,0
C104588,16,74.35,0,One year,1,0,0
C104589,67,73.53,0,One year,0,0,0
C104590,21,58.81,1,Month-to-month,0,0,0
C104591,62,106.01,2,Month-to-month,0,1,0
C104592,23,20.0,1,Month-to-month,1,0,0
C104593,49,91.77,1,Month-to-month,0,1,0
C104594,42,92.1,1,One year,0,0,0
C104595,27,40.42,2,Month-to-month,0,0,0
C104596,32,75.74,3,Month-to-month,1,0,0
C104597,46,79.16,2,One year,1,0,1
C104598,55,73.94,3,Two year,1,1,0
C104599,45,74.1,3,One year,0,0,0
C104600,6,39.76,2,Month-to-month,0,0,0
C104601,50,64.51,8,Month-to-month,0,0,1
C104602,36,95.55,1,Two year,0,1,0
C104603,59,82.73,1,Month-to-month,1,0,0
C104604,21,60.47,4,Month-to-month,0,0,1
C104605,22,75.64,3,Month-to-month,1,1,0
C104606,47,80.21,2,Two year,1,0,0
C104607,13,69.17,1,Month-to-month,0,0,0
C104608,54,77.77,0,Month-to-month,0,0,0
C104609,32,73.45,1,One year,1,0,0
C104610,70,71.55,2,Month-to-month,0,1,0
C104611,7,43.57,2,One year,1,1,0
C104612,26,105.6,0,Month-to-month,0,1,0
C104613,21,92.66,1,Month-to-month,0,0,0
C104614,24,54.54,2,Month-to-month,1,0,0
C104615,64,91.69,2,One year,1,0,0
C104616,70,103.2,4,Month-to-month,0,1,0
C104617,39,73.87,2,Two year,1,1,0
C104618,51,93.88,3,Two year,0,0,0
C104619,42,67.75,4,Month-to-month,0,1,0
C104620,20,101.6,1,One year,1,0,0
C104621,46,66.86,1,Month-to-month,1,0,0
C104622,40,54.64,1,Month-to-month,1,0,0
C104623,44,43.05,1,Month-to-month,0,0,0
C104624,31,33.7,6,Two year,1,1,0
C104625,30,143.3,1,Month-to-month,1,1,0
C104626,50,50.39,0,One year,1,1,0
C104627,42,83.83,2,Month-to-month,1,0,0
C104628,38,67.17,0,Two year,1,1,0
C104629,55,87.76,2,Month-to-month,0,0,1
C104630,20,130.94,2,Month-to-month,1,0,0
C104631,4,70.48,2,Month-to-month,0,1,0
C104632,67,52.3,3,Month-to-month,0,0,0
C104633,15,69.15,3,Month-to-month,1,1,1
C104634,29,84.2,5,One year,1,0,1
C104635,14,90.98,2,Month-to-month,1,1,1
C104636,14,69.58,1,Month-to-month,0,1,0
C104637,2,103.04,2,Two year,1,0,0
C104638,6,72.6,2,Two year,0,1,0
C104639,38,70.01,1,Month-to-month,1,0,0
C104640,54,52.02,3,Month-to-month,1,1,0
C104641,23,122.47,1,One year,0,0,0
C104642,63,63.63,2,Month-to-month,1,0,0
C104643,22,118.22,3,Month-to-month,1,0,1
C104644,1,52.81,0,Month-to-month,1,0,0
C104645,60,59.49,2,Month-to-month,1,0,0
C104646,13,82.32,0,One year,1,0,0
C104647,55,64.65,6,Two year,1,0,0
C104648,58,71.8,1,One year,0,1,0
C104649,45,28.88,3,Two year,1,0,0
C104650,72,48.46,1,Month-to-month,1,1,0
C104651,17,90.13,5,Month-to-month,1,0,0
C104652,32,89.52,3,One year,0,1,0
C104653,16,52.74,2,Two year,0,0,0
C104654,38,73.82,1,One year,1,1,0
C104655,32,43.26,0,Month-to-month,0,1,0
C104656,22,90.33,2,Month-to-month,1,1,0
C104657,64,111.41,1,One year,0,1,0
C104658,65,38.01,1,One year,1,1,0
C104659,19,86.51,3,Two year,0,0,1
C104660,12,36.98,1,Month-to-month,1,0,1
C104661,52,110.74,2,Two year,1,0,1
C104662,68,136.65,2,Month-to-month,1,1,1
C104663,70,84.08,6,Month-to-month,0,0,0
C104664,12,52.58,1,One year,0,1,1
C104665,69,73.6,1,Two year,1,0,0
C104666,51,84.62,0,Month-to-month,1,1,0
C104667,19,94.12,4,One year,1,0,0
C104668,16,52.04,1,Two year,1,1,0
C104669,13,66.71,1,Two year,0,1,0
C104670,32,102.81,0,Two year,1,0,0
C104671,35,89.99,2,Month-to-month,0,0,0
C104672,11,61.6,2,Month-to-month,1,1,0
C104673,60,124.45,2,Month-to-month,0,0,0
C104674,45,67.21,0,One year,0,0,0
C104675,6,34.22,4,Month-to-month,1,0,0
C104676,19,55.75,3,Month-to-month,1,1,0
C104677,47,121.01,0,One year,0,0,0
C104678,66,104.4,3,Month-to-month,0,1,0
C104679,32,93.36,2,Two year,1,1,0
C104680,19,102.95,2,Two year,0,1,0
C104681,4,94.06,2,Month-to-month,1,0,0
C104682,25,56.87,4,Two year,0,0,0
C104683,14,53.17,2,One year,1,0,0
C104684,71,60.86,0,Two year,0,0,0
C104685,52,90.47,6,Month-to-month,0,0,0
C104686,33,94.89,2,One year,0,0,0
C104687,40,106.14,1,One year,1,0,1
C104688,36,124.08,2,Month-to-month,0,1,1
C104689,26,112.06,1,Two year,1,1,0
C104690,9,110.66,1,One year,0,1,0
C104691,15,88.43,1,One year,1,1,0
C104692,41,73.32,2,One year,1,0,0
C104693,67,82.53,1,One year,1,1,0
C104694,11,59.57,2,Two year,1,0,0
C104695,33,30.94,2,Two year,1,0,0
C104696,57,122.74,1,One year,0,0,0
C104697,43,66.16,2,One year,0,0,0
C104698,32,76.47,1,Two year,1,0,0
C104699,30,81.6,5,Month-to-month,1,0,1
C104700,67,77.55,4,Month-to-month,1,1,0
C104701,10,60.61,1,One year,1,1,0
C104702,2,53.75,1,One year,1,1,0
C104703,66,27.83,0,One year,0,0,0
C104704,35,85.53,1,Two year,0,0,0
C104705,34,118.01,2,One year,0,1,0
C104706,12,85.59,0,Month-to-month,1,1,0
C104707,54,57.95,4,Month-to-month,1,1,0
C104708,37,70.47,3,Month-to-month,1,1,0
C104709,28,91.27,3,Month-to-month,0,0,0
C104710,61,96.39,1,Month-to-month,0,1,0
C104711,40,58.83,0,One year,0,0,0
C104712,66,47.15,4,Month-to-month,1,0,0
C104713,28,51.92,1,Month-to-month,0,0,0
C104714,4,90.37,1,One year,1,0,0
C104715,12,41.9,2,Two year,1,1,0
C104716,5,55.28,0,Month-to-month,1,0,0
C104717,29,75.65,3,Two year,1,0,1
C104718,31,121.84,1,One year,1,0,0
C104719,63,63.38,0,One year,1,0,0
C104720,34,98.35,3,Month-to-month,1,1,0
C104721,35,43.52,4,Month-to-month,1,1,0
C104722,4,70.63,2,Month-to-month,1,0,0
C104723,54,32.28,1,Month-to-month,1,1,0
C104724,34,83.73,1,Month-to-month,0,0,1
C104725,23,59.17,2,One year,0,0,0
C104726,8,83.07,2,Month-to-month,1,0,1
C104727,24,59.03,1,One year,1,1,0
C104728,55,113.93,3,Month-to-month,1,0,0
C104729,5,69.78,1,Month-to-month,0,0,1
C104730,36,70.26,2,Month-to-month,1,1,0
C104731,18,65.22,2,Month-to-month,1,1,0
C104732,32,81.37,3,Month-to-month,0,1,0
C104733,31,84.96,4,Month-to-month,1,1,1
C104734,45,56.58,0,One year,0,1,0
C104735,15,72.62,0,Month-to-month,0,1,0
C104736,27,89.03,2,Month-to-month,1,0,0
C104737,65,115.52,0,Month-to-month,1,0,0
C104738,53,102.36,1,Month-to-month,1,0,0
C104739,49,88.72,1,Month-to-month,0,0,0
C104740,41,110.79,2,Month-to-month,1,0,0
C104741,29,45.12,0,Month-to-month,1,1,0
C104742,16,113.18,4,Month-to-month,1,1,1
C104743,43,80.68,3,Month-to-month,1,0,0
C104744,58,62.88,3,Month-to-month,0,0,0
C104745,62,70.21,2,Month-to-month,1,1,0
C104746,22,100.19,2,Two year,1,0,0
C104747,25,67.17,0,Month-to-month,1,0,0
C104748,9,80.32,3,Two year,0,0,0
C104749,23,89.3,0,Month-to-month,0,0,0
C104750,31,100.82,1,Two year,1,0,0
C104751,36,42.42,1,Month-to-month,1,0,1
C104752,33,69.65,2,Two year,1,1,0
C104753,58,98.78,3,Month-to-month,0,1,1
C104754,67,112.77,2,Month-to-month,1,0,0
C104755,58,61.5,2,Month-to-month,1,1,0
C104756,51,122.39,0,Two year,0,0,0
C104757,32,82.04,3,Two year,1,0,0
C104758,43,42.95,1,One year,0,0,0
C104759,6,89.6,2,Month-to-month,0,1,0
C104760,64,70.66,1,One year,0,1,0
C104761,54,57.82,2,Month-to-month,0,0,0
C104762,66,37.69,0,One year,0,0,0
C104763,56,75.71,1,Month-to-month,0,0,0
C104764,70,89.11,1,One year,1,0,0
C104765,1,85.03,1,One year,1,1,0
C104766,48,68.89,3,Month-to-month,1,1,1
C104767,39,43.84,1,Two year,0,0,0
C104768,72,108.03,2,Two year,1,1,0
C104769,19,86.76,1,Month-to-month,1,1,0
C104770,40,20.0,1,Month-to-month,0,1,1
C104771,4,60.32,2,Two year,1,1,0
C104772,24,95.23,0,Month-to-month,1,0,0
C104773,59,110.19,1,Month-to-month,1,1,0
C104774,52,102.71,1,Two year,1,1,0
C104775,55,87.15,2,Two year,1,0,0
C104776,29,56.88,2,Month-to-month,0,1,1
C104777,2,111.55,1,One year,1,0,0
C104778,3,100.06,4,Month-to-month,1,0,0
C104779,11,76.18,1,One year,1,1,0
C104780,29,85.03,2,Two year,1,0,0
C104781,55,82.88,0,One year,0,0,0
C104782,32,63.65,2,One year,0,1,0
C104783,31,72.35,2,Month-to-month,1,1,0
C104784,11,95.56,1,One year,0,0,0
C104785,14,77.67,1,One year,1,1,0
C104786,44,80.22,0,Month-to-month,0,1,1
C104787,55,55.75,5,Month-to-month,1,0,0
C104788,63,102.59,1,One year,0,0,0
C104789,1,91.42,2,Month-to-month,1,0,0
C104790,22,45.27,1,One year,1,0,0
C104791,7,82.78,1,Month-to-month,0,0,1
C104792,21,73.81,1,Month-to-month,1,1,0
C104793,26,124.43,2,One year,0,0,0
C104794,44,60.82,0,One year,1,0,0
C104795,35,63.18,3,Month-to-month,0,1,0
C104796,62,54.65,3,Two year,1,1,1
C104797,38,128.67,0,Month-to-month,1,1,0
C104798,12,120.94,2,One year,1,1,0
C104799,56,95.09,3,Month-to-month,0,0,0
C104800,20,64.35,1,Two year,0,1,0
C104801,66,29.78,2,One year,1,0,0
C104802,14,57.65,2,One year,1,1,0
C104803,72,20.0,1,One year,1,0,0
C104804,71,41.54,2,Two year,1,1,0
C104805,64,56.77,0,Two year,1,0,0
C104806,27,85.95,1,Two year,1,1,0
C104807,25,85.75,1,Month-to-month,1,0,0
C104808,36,86.2,1,Two year,1,1,0
C104809,18,109.11,2,One year,0,1,0
C104810,21,65.93,2,Month-to-month,0,1,0
C104811,20,39.28,0,Month-to-month,1,0,1
C104812,66,39.24,3,One year,1,0,0
C104813,46,37.99,1,Month-to-month,1,0,0
C104814,5,96.66,4,One year,0,0,0
C104815,13,48.11,2,Two year,1,0,1
C104816,32,23.55,2,Month-to-month,0,1,0
C104817,48,85.34,3,Month-to-month,1,0,0
C104818,31,63.03,1,Two year,1,1,0
C104819,15,76.51,1,Two year,1,1,0
C104820,41,78.98,1,Month-to-month,1,0,0
C104821,56,46.34,2,Two year,0,0,0
C104822,1,124.56,1,Month-to-month,0,0,0
C104823,50,59.69,3,Month-to-month,1,0,0
C104824,51,21.93,3,Month-to-month,1,1,0
C104825,11,113.54,1,Two year,1,1,1
C104826,39,92.31,1,Month-to-month,1,0,0
C104827,13,25.11,1,One year,1,0,0
C104828,53,34.48,2,One year,1,0,0
C104829,33,126.46,1,Month-to-month,1,0,0
C104830,16,57.11,2,Month-to-month,0,0,0
C104831,29,44.88,2,Two year,1,1,0
C104832,65,104.1,0,Two year,1,0,0
C104833,40,122.91,2,Month-to-month,1,1,0
C104834,29,39.71,1,One year,1,0,0
C104835,42,87.92,0,One year,1,0,0
C104836,36,102.95,1,Month-to-month,1,1,0
C104837,26,46.23,0,Month-to-month,1,0,0
C104838,36,71.28,2,One year,1,0,1
C104839,26,39.44,2,Month-to-month,0,1,0
C104840,40,68.06,1,One year,1,0,0
C104841,69,100.3,1,One year,1,1,1
C104842,56,83.61,3,One year,0,1,0
C104843,27,57.57,5,Month-to-month,0,0,0
C104844,30,77.29,0,Month-to-month,0,0,0
C104845,63,20.0,4,Month-to-month,1,0,0
C104846,14,54.56,3,Month-to-month,1,1,0
C104847,45,133.41,1,Two year,0,1,0
C104848,33,89.57,1,Month-to-month,1,1,1
C104849,41,105.51,0,One year,1,0,0
C104850,70,53.74,1,Month-to-month,1,1,0
C104851,40,48.86,2,One year,0,0,0
C104852,18,52.73,4,Two year,1,0,0
C104853,13,79.79,3,Month-to-month,0,1,0
C104854,30,118.15,1,Month-to-month,1,0,0
C104855,40,93.13,4,Month-to-month,1,1,0
C104856,67,74.77,1,Two year,1,0,0
C104857,64,89.29,3,Month-to-month,1,1,0
C104858,60,122.68,1,Month-to-month,1,1,0
C104859,45,52.39,0,Two year,1,0,0
C104860,71,124.7,1,Month-to-month,1,1,0
C104861,45,91.27,2,One year,0,0,0
C104862,49,119.31,4,One year,1,0,0
C104863,10,87.3,2,Month-to-month,1,1,0
C104864,20,120.42,2,Month-to-month,1,0,1
C104865,56,86.42,2,Month-to-month,1,0,0
C104866,50,101.0,1,One year,1,1,0
C104867,4,91.39,4,One year,1,0,0
C104868,66,87.17,2,One year,0,1,0
C104869,56,51.91,2,Month-to-month,1,1,0
C104870,9,67.68,2,One year,0,1,0
C104871,9,102.06,0,Month-to-month,1,0,0
C104872,9,60.64,1,One year,0,0,0
C104873,49,85.51,3,Two year,1,0,1
C104874,58,88.78,1,Month-to-month,1,0,0
C104875,17,21.74,5,Month-to-month,1,0,1
C104876,72,35.62,2,One year,0,0,0
C104877,63,111.85,1,Month-to-month,0,1,0
C104878,15,105.91,4,One year,0,1,0
C104879,24,84.42,2,Two year,1,0,0
C104880,68,72.31,5,Month-to-month,1,1,0
C104881,65,67.76,2,Month-to-month,0,0,1
C104882,11,61.76,3,One year,1,0,0
C104883,4,61.31,3,One year,0,1,0
C104884,67,69.29,1,Month-to-month,1,1,0
C104885,19,120.03,2,Month-to-month,1,1,0
C104886,29,66.63,1,One year,1,1,0
C104887,10,79.04,1,Month-to-month,0,0,0
C104888,58,30.24,0,Month-to-month,1,0,0
C104889,59,55.98,1,Month-to-month,0,0,1
C104890,2,68.06,0,Two year,1,0,0
C104891,13,79.04,2,Two year,1,0,0
C104892,70,71.3,3,One year,0,1,0
C104893,5,30.13,0,Month-to-month,0,1,0
C104894,67,83.86,1,Two year,0,0,0
C104895,24,90.39,3,One year,1,0,0
C104896,22,125.28,0,One year,1,0,1
C104897,23,68.59,2,One year,1,0,0
C104898,11,81.65,0,One year,0,0,0
C104899,57,70.57,1,One year,1,0,0
C104900,17,77.68,1,One year,1,1,0
C104901,5,85.78,2,One year,1,0,1
C104902,10,100.94,2,Month-to-month,0,1,0
C104903,60,88.4,3,Month-to-month,0,1,0
C104904,68,54.25,2,Two year,0,0,0
C104905,11,50.31,2,Month-to-month,1,1,0
C104906,57,62.55,3,One year,0,0,0
C104907,22,55.21,2,One year,1,1,0
C104908,22,60.31,2,Month-to-month,1,1,0
C104909,55,44.87,1,Month-to-month,1,0,0
C104910,23,99.74,1,Month-to-month,1,1,0
C104911,53,62.64,2,One year,0,0,0
C104912,47,68.92,1,Month-to-month,0,0,0
C104913,61,107.16,0,Month-to-month,1,1,0
C104914,63,59.26,1,Month-to-month,1,1,0
C104915,22,85.86,2,Month-to-month,1,0,1
C104916,4,114.53,1,Two year,1,0,0
C104917,68,38.62,1,Month-to-month,1,1,0
C104918,25,84.26,3,One year,1,0,0
C104919,36,99.4,1,One year,1,0,0
C104920,69,72.12,1,Month-to-month,1,1,0
C104921,7,46.09,3,One year,1,1,0
C104922,34,73.78,2,One year,0,0,0
C104923,11,110.64,1,Month-to-month,1,1,0
C104924,36,55.46,2,Month-to-month,1,0,0
C104925,11,89.92,1,Month-to-month,1,1,0
C104926,25,61.07,2,One year,1,1,0
C104927,35,112.91,4,Month-to-month,0,1,0
C104928,64,74.68,2,One year,1,1,0
C104929,35,45.6,2,One year,1,0,0
C104930,41,79.33,0,Month-to-month,0,0,0
C104931,41,49.24,0,Two year,1,1,0
C104932,70,73.54,2,Two year,1,1,0
C104933,16,89.75,2,Month-to-month,0,1,0
C104934,16,77.33,1,Month-to-month,1,1,0
C104935,27,91.65,1,Month-to-month,1,0,0
C104936,6,119.8,2,Two year,1,0,0
C104937,25,63.81,0,Month-to-month,0,0,0
C104938,4,77.2,2,Month-to-month,1,0,1
C104939,42,82.87,1,Two year,0,1,0
C104940,17,92.36,1,Month-to-month,1,0,0
C104941,48,100.69,1,Two year,0,0,0
C104942,2,69.9,2,One year,1,1,0
C104943,9,42.31,2,Month-to-month,1,0,0
C104944,44,88.53,1,One year,1,1,0
C104945,57,77.5,0,One year,0,0,0
C104946,18,118.75,3,Two year,1,0,1
C104947,26,77.47,2,Month-to-month,1,0,0
C104948,40,77.61,4,Month-to-month,1,0,0
C104949,23,72.96,1,Two year,1,0,0
C104950,69,28.74,0,Month-to-month,0,0,0
C104951,33,71.82,1,Month-to-month,1,1,0
C104952,47,62.62,1,Month-to-month,0,1,0
C104953,4,20.0,3,Month-to-month,0,1,0
C104954,6,81.43,0,Month-to-month,1,1,1
C104955,13,72.83,2,Two year,0,0,1
C104956,55,22.35,2,Month-to-month,1,1,0
C104957,44,60.69,0,Month-to-month,0,1,0
C104958,30,98.59,0,One year,1,0,0
C104959,63,62.87,0,Month-to-month,1,1,0
C104960,2,62.07,0,One year,1,0,0
C104961,29,64.17,1,Month-to-month,1,0,1
C104962,37,101.72,1,Month-to-month,0,0,0
C104963,16,116.88,2,One year,0,0,0
C104964,49,104.33,1,Month-to-month,1,0,0
C104965,61,90.04,1,Two year,0,0,0
C104966,69,114.4,3,Month-to-month,1,0,0
C104967,21,55.54,2,One year,1,0,0
C104968,22,104.01,2,One year,1,0,0
C104969,11,102.94,1,One year,1,0,0
C104970,44,21.78,1,Two year,1,1,0
C104971,53,92.88,0,Month-to-month,1,0,0
C104972,55,130.88,1,Month-to-month,1,1,0
C104973,12,93.64,1,One year,0,0,0
C104974,54,116.39,3,Two year,1,0,0
C104975,39,78.85,1,Month-to-month,1,1,0
C104976,32,67.61,2,Month-to-month,0,0,0
C104977,7,77.73,1,Month-to-month,1,0,0
C104978,25,81.3,1,One year,1,0,0
C104979,14,62.38,2,One year,1,0,1
C104980,53,81.07,2,Month-to-month,1,1,0
C104981,45,84.94,3,Month-to-month,0,1,0
C104982,29,87.99,7,Month-to-month,1,0,0
C104983,14,129.0,3,Month-to-month,1,1,0
C104984,8,102.12,2,Month-to-month,0,0,1
C104985,8,76.6,1,Two year,0,1,0
C104986,41,80.59,2,Month-to-month,0,0,1
C104987,17,112.5,1,One year,0,1,0
C104988,19,75.12,1,Two year,1,1,0
C104989,72,44.77,3,Month-to-month,1,1,0
C104990,54,65.24,3,Two year,1,1,0
C104991,49,90.3,1,Month-to-month,0,0,0
C104992,32,60.31,2,Two year,1,1,0
C104993,3,75.63,2,One year,0,1,1
C104994,36,86.93,1,One year,1,0,0
C104995,57,77.37,2,Month-to-month,1,1,0
C104996,31,34.74,2,Two year,1,1,0
C104997,54,76.96,6,Month-to-month,0,0,1
C104998,55,72.96,0,Month-to-month,1,1,1
C104999,49,57.98,3,Two year,0,0,0
C105000,27,82.9,4,Month-to-month,1,1,0
C105001,30,71.01,0,Month-to-month,1,1,0
C105002,33,62.16,0,Month-to-month,0,0,0
C105003,51,66.91,2,One year,1,1,0
C105004,14,53.78,2,Two year,1,0,0
C105005,33,81.17,1,One year,1,1,0
C105006,55,56.63,1,Month-to-month,1,1,0
C105007,17,61.53,0,Two year,1,1,0
C105008,68,61.43,0,Month-to-month,1,1,0
C105009,62,30.71,4,One year,1,1,0
C105010,58,60.29,2,Month-to-month,0,0,0
C105011,47,70.42,1,Month-to-month,1,0,0
C105012,10,72.63,2,Month-to-month,0,0,0
C105013,7,110.89,0,Month-to-month,0,1,1
C105014,55,84.45,2,One year,0,1,0
C105015,47,74.84,1,Month-to-month,1,0,0
C105016,31,85.68,2,Month-to-month,1,1,0
C105017,7,78.65,2,One year,0,1,0
C105018,16,88.81,3,Month-to-month,0,1,0
C105019,53,58.53,3,One year,0,0,0
C105020,1,72.32,4,Month-to-month,0,1,0
C105021,55,51.35,4,One year,1,1,0
C105022,65,75.36,0,Month-to-month,1,1,0
C105023,45,65.03,3,Month-to-month,0,0,0
C105024,25,105.1,0,One year,0,0,0
C105025,11,82.21,2,Month-to-month,0,1,1
C105026,36,123.38,1,One year,0,0,1
C105027,61,90.81,0,Month-to-month,0,1,0
C105028,23,121.82,0,Month-to-month,0,1,0
C105029,24,117.93,1,Two year,1,1,0
C105030,55,64.97,3,Two year,0,0,0
C105031,1,106.8,3,One year,0,0,1
C105032,14,97.36,3,Month-to-month,0,0,1
C105033,65,31.97,3,One year,1,0,0
C105034,21,50.43,2,Two year,1,1,0
C105035,42,59.69,2,Month-to-month,1,1,1
C105036,48,60.95,3,One year,1,1,0
C105037,50,79.32,1,Month-to-month,0,0,0
C105038,35,81.42,4,Month-to-month,0,0,1
C105039,47,65.11,2,Month-to-month,0,1,0
C105040,26,43.05,4,Month-to-month,1,0,0
C105041,58,89.13,1,Month-to-month,1,0,0
C105042,16,24.98,2,Month-to-month,0,1,1
C105043,27,47.58,1,One year,0,0,0
C105044,70,73.04,1,Month-to-month,0,0,0
C105045,64,27.41,3,Two year,1,0,0
C105046,5,73.42,3,Month-to-month,1,0,1
C105047,68,56.41,1,One year,1,1,0
C105048,14,101.15,1,One year,1,1,0
C105049,9,43.59,2,Month-to-month,1,0,1
C105050,50,91.23,3,One year,1,0,0
C105051,63,94.6,5,Month-to-month,0,0,1
C105052,22,94.85,4,Month-to-month,1,0,0
C105053,12,86.18,2,One year,0,0,0
C105054,46,102.39,0,Month-to-month,1,0,1
C105055,35,79.42,0,Month-to-month,1,1,0
C105056,52,54.92,1,Month-to-month,1,1,0
C105057,65,122.08,0,One year,1,1,1
C105058,56,95.2,4,Two year,0,0,0
C105059,57,82.93,1,Month-to-month,1,1,0
C105060,14,83.99,2,Two year,1,1,0
C105061,52,76.19,2,Month-to-month,1,0,0
C105062,21,82.98,0,Month-to-month,0,0,0
C105063,21,111.92,1,Month-to-month,0,1,0
C105064,5,52.03,2,Two year,1,0,1
C105065,37,95.11,2,Month-to-month,0,1,1
C105066,71,63.1,3,Month-to-month,1,1,0
C105067,13,30.28,3,One year,0,1,0
C105068,13,25.5,3,One year,0,0,0
C105069,72,45.57,2,Month-to-month,1,0,0
C105070,51,54.18,2,Month-to-month,1,1,1
C105071,6,38.01,2,One year,1,0,0
C105072,55,84.21,3,Month-to-month,1,1,1
C105073,57,54.53,3,Month-to-month,0,1,0
C105074,43,106.2,2,Month-to-month,0,1,0
C105075,18,113.56,4,One year,1,1,0
C105076,55,101.58,2,Month-to-month,1,0,0
C105077,42,101.06,0,Month-to-month,1,0,0
C105078,6,130.05,1,Month-to-month,0,0,0
C105079,57,77.54,2,Month-to-month,1,1,0
C105080,54,84.12,4,One year,1,1,0
C105081,10,90.62,2,Month-to-month,0,1,1
C105082,17,107.05,1,One year,1,0,0
C105083,39,53.98,4,Month-to-month,1,0,1
C105084,32,90.79,1,Two year,1,0,0
C105085,63,51.52,3,One year,0,0,0
C105086,46,126.62,3,Month-to-month,1,1,0
C105087,23,81.71,3,Month-to-month,1,0,0
C105088,66,83.77,0,One year,1,1,0
C105089,19,56.97,1,Month-to-month,0,1,0
C105090,49,58.01,5,One year,1,1,1
C105091,39,70.0,2,Month-to-month,1,0,1
C105092,17,106.7,1,Month-to-month,1,1,0
C105093,66,128.49,3,Month-to-month,1,0,0
C105094,67,59.11,0,One year,0,1,0
C105095,11,87.69,1,Month-to-month,1,0,0
C105096,14,20.41,2,One year,1,0,1
C105097,38,126.67,1,Month-to-month,0,0,0
C105098,7,50.88,3,Month-to-month,1,0,0
C105099,4,88.55,0,Month-to-month,1,0,1
C105100,28,118.66,0,Month-to-month,1,1,0
C105101,2,44.86,2,One year,0,1,0
C105102,64,66.34,3,One year,1,1,0
C105103,65,102.27,3,Month-to-month,1,1,1
C105104,31,55.76,4,Two year,1,0,0
C105105,25,51.64,1,One year,0,1,0
C105106,41,102.66,1,Month-to-month,1,1,0
C105107,62,89.52,2,Month-to-month,0,0,0
C105108,11,62.29,2,One year,1,1,1
C105109,14,134.22,2,Month-to-month,1,0,1
C105110,15,22.62,2,Month-to-month,1,0,0
C105111,15,38.54,1,One year,1,1,0
C105112,60,103.74,0,Month-to-month,1,1,1
C105113,22,39.65,3,One year,1,0,0
C105114,40,67.97,1,Two year,1,1,0
C105115,63,105.4,2,Month-to-month,1,1,0
C105116,18,36.22,1,One year,0,1,0
C105117,52,92.14,6,Month-to-month,0,1,1
C105118,29,87.73,3,One year,1,1,1
C105119,46,81.94,2,One year,0,1,0
C105120,29,155.21,4,Month-to-month,1,0,0
C105121,20,93.19,1,One year,0,1,0
C105122,32,91.92,2,One year,0,0,0
C105123,25,90.54,4,One year,1,0,1
C105124,42,56.96,1,Two year,0,1,0
C105125,16,101.88,4,One year,1,1,0
C105126,46,88.07,0,One year,1,0,0
C105127,7,61.29,3,Two year,0,0,0
C105128,71,74.49,1,Month-to-month,1,1,0
C105129,20,66.4,3,Month-to-month,0,0,1
C105130,47,62.57,0,Month-to-month,0,1,0
C105131,43,81.82,2,Two year,1,1,0
C105132,32,61.07,3,Month-to-month,0,1,0
C105133,67,68.59,1,Two year,1,1,0
C105134,15,74.66,3,One year,1,1,0
C105135,13,67.75,1,Month-to-month,1,0,0
C105136,60,65.97,3,Month-to-month,0,1,0
C105137,30,88.07,0,Month-to-month,0,0,0
C105138,55,90.12,1,One year,0,1,0
C105139,56,54.85,2,Month-to-month,1,0,0
C105140,33,26.0,1,Month-to-month,0,1,0
C105141,36,85.45,1,Month-to-month,1,0,0
C105142,67,64.86,2,Month-to-month,0,0,0
C105143,24,88.37,2,Two year,0,1,0
C105144,33,94.19,4,Month-to-month,1,0,0
C105145,59,101.49,1,One year,0,1,0
C105146,40,20.0,3,Two year,1,1,0
C105147,7,118.83,2,Month-to-month,1,1,0
C105148,17,58.39,0,One year,1,1,0
C105149,2,39.51,1,Two year,1,0,0
C105150,33,54.58,2,Month-to-month,0,0,0
C105151,44,27.26,0,Month-to-month,1,0,0
C105152,25,93.41,2,Month-to-month,0,1,0
C105153,28,107.24,2,Month-to-month,1,0,0
C105154,17,61.08,0,One year,0,0,0
C105155,47,97.82,0,Month-to-month,0,0,0
C105156,39,86.8,3,Month-to-month,0,0,0
C105157,7,86.15,1,Month-to-month,1,1,0
C105158,27,33.42,3,Two year,1,0,0
C105159,38,88.18,1,Month-to-month,1,0,0
C105160,37,105.08,3,Month-to-month,0,0,0
C105161,40,61.21,2,Two year,0,1,0
C105162,50,111.69,1,Two year,0,0,0
C105163,66,98.22,2,Month-to-month,1,0,0
C105164,70,131.67,0,Month-to-month,0,1,0
C105165,63,69.11,1,Month-to-month,1,1,0
C105166,29,100.76,1,Month-to-month,0,0,0
C105167,69,101.18,2,One year,1,0,0
C105168,12,62.19,3,One year,1,1,1
C105169,58,28.63,3,Month-to-month,0,0,0
C105170,42,61.41,3,Month-to-month,0,1,0
C105171,51,104.94,2,One year,1,0,0
C105172,10,98.74,4,Month-to-month,1,0,1
C105173,37,91.68,1,Month-to-month,1,0,0
C105174,58,94.06,1,Month-to-month,1,0,0
C105175,43,93.83,1,Two year,1,0,0
C105176,69,63.72,2,Month-to-month,0,0,0
C105177,36,99.87,3,One year,1,1,0
C105178,54,57.2,2,Two year,1,1,0
C105179,13,72.62,2,One year,1,0,0
C105180,36,68.68,1,Month-to-month,0,0,0
C105181,67,112.81,3,Month-to-month,1,0,0
C105182,37,65.35,2,Month-to-month,1,1,0
C105183,18,68.46,1,Month-to-month,1,1,1
C105184,46,82.01,1,Month-to-month,1,0,0
C105185,31,74.34,1,One year,0,1,0
C105186,17,48.44,1,Month-to-month,0,1,0
C105187,15,102.57,0,Month-to-month,1,1,0
C105188,14,23.96,1,One year,0,0,0
C105189,10,90.35,1,One year,0,1,0
C105190,40,106.13,2,Month-to-month,0,0,0
C105191,35,59.5,5,One year,0,0,0
C105192,60,57.18,1,Month-to-month,0,0,0
C105193,14,46.2,0,Month-to-month,0,0,0
C105194,4,57.38,1,Month-to-month,1,0,1
C105195,64,40.84,2,Month-to-month,1,0,0
C105196,50,124.0,3,Month-to-month,1,0,0
C105197,41,49.16,3,Two year,1,1,0
C105198,21,92.69,2,One year,1,0,1
C105199,51,125.66,1,Month-to-month,0,0,1
C105200,21,20.0,2,One year,0,0,0
C105201,56,103.15,1,One year,1,0,0
C105202,22,55.68,3,Month-to-month,1,1,0
C105203,42,85.05,6,Two year,1,0,0
C105204,26,71.05,3,Two year,0,0,0
C105205,10,57.75,3,One year,1,1,1
C105206,62,72.72,0,Month-to-month,1,0,1
C105207,61,67.67,1,One year,0,1,0
C105208,11,108.13,2,One year,1,0,0
C105209,68,65.85,3,One year,0,1,0
C105210,36,81.84,1,Month-to-month,1,0,0
C105211,16,71.11,1,One year,0,1,0
C105212,25,61.81,2,Month-to-month,0,1,0
C105213,24,83.86,2,Month-to-month,0,1,0
C105214,9,93.73,3,One year,0,0,0
C105215,28,69.48,0,Month-to-month,0,0,0
C105216,61,129.91,3,Month-to-month,0,1,1
C105217,11,96.45,1,Two year,0,1,1
C105218,62,99.82,1,Month-to-month,0,1,0
C105219,7,96.69,1,One year,1,0,0
C105220,3,132.84,1,One year,1,0,0
C105221,10,99.56,1,Month-to-month,1,0,0
C105222,50,125.01,3,Month-to-month,1,1,0
C105223,22,97.88,1,Month-to-month,1,0,1
C105224,68,72.54,1,One year,1,1,0
C105225,15,37.9,2,Month-to-month,1,0,1
C105226,26,95.71,1,One year,1,1,0
C105227,41,44.88,2,One year,0,1,0
C105228,5,81.41,1,Two year,0,0,0
C105229,45,78.39,0,Month-to-month,0,1,0
C105230,49,76.92,1,One year,1,0,0
C105231,47,101.59,0,Month-to-month,0,1,0
C105232,24,49.99,0,One year,0,0,0
C105233,69,102.78,0,Month-to-month,0,0,0
C105234,21,48.39,5,One year,0,1,0
C105235,48,103.66,4,Month-to-month,0,0,1
C105236,37,83.65,0,Month-to-month,0,0,0
C105237,29,95.87,2,Month-to-month,0,0,0
C105238,72,129.21,2,Month-to-month,1,0,0
C105239,21,49.66,3,Month-to-month,1,1,1
C105240,65,33.98,3,Month-to-month,1,0,0
C105241,3,91.16,4,Month-to-month,1,0,0
C105242,12,61.23,3,Month-to-month,0,0,0
C105243,22,107.87,4,One year,1,1,0
C105244,67,56.1,0,Month-to-month,0,1,0
C105245,40,101.17,1,Month-to-month,1,0,0
C105246,50,86.4,0,Month-to-month,1,1,0
C105247,17,60.95,4,One year,1,1,0
C105248,68,109.39,1,Two year,1,1,0
C105249,65,53.72,0,Two year,1,0,0
C105250,30,81.64,3,One year,1,1,0
C105251,34,61.51,3,Month-to-month,0,0,0
C105252,27,93.37,1,Month-to-month,1,0,0
C105253,57,89.42,3,Month-to-month,1,0,0
C105254,54,78.52,3,One year,1,1,0
C105255,53,42.43,2,Month-to-month,0,1,0
C105256,69,72.03,2,Two year,0,1,0
C105257,41,58.33,0,Month-to-month,1,0,0
C105258,23,67.88,8,Month-to-month,1,0,1
C105259,14,64.82,1,Two year,1,1,0
C105260,67,111.62,4,Month-to-month,0,0,0
C105261,10,80.22,3,Month-to-month,1,1,1
C105262,9,94.79,4,One year,0,0,0
C105263,53,107.1,3,Month-to-month,1,0,1
C105264,12,52.21,8,Month-to-month,0,0,1
C105265,9,138.14,0,Month-to-month,1,0,0
C105266,42,78.34,0,One year,0,0,1
C105267,31,36.42,1,One year,1,1,0
C105268,53,86.48,2,Month-to-month,1,0,0
C105269,42,86.84,4,Two year,1,0,0
C105270,47,56.69,5,Two year,1,1,1
C105271,4,144.93,1,Two year,0,1,1
C105272,52,35.07,0,Month-to-month,0,0,0
C105273,1,86.73,1,Month-to-month,0,0,1
C105274,11,87.11,1,Month-to-month,1,0,0
C105275,17,108.51,2,One year,1,0,0
C105276,19,100.69,3,Month-to-month,0,1,0
C105277,62,71.49,1,Two year,1,0,0
C105278,19,54.74,1,One year,1,1,0
C105279,7,98.72,1,Month-to-month,1,1,0
C105280,8,68.67,0,One year,1,1,0
C105281,7,95.65,3,Month-to-month,0,1,1
C105282,11,72.2,2,One year,1,0,0
C105283,49,77.75,3,Month-to-month,0,1,0
C105284,45,125.44,1,Month-to-month,1,1,0
C105285,37,46.18,1,One year,1,1,0
C105286,38,57.37,0,Month-to-month,0,1,1
C105287,31,91.88,2,Month-to-month,1,1,0
C105288,11,58.16,1,One year,1,0,0
C105289,50,117.75,1,One year,0,0,1
C105290,4,20.0,0,One year,1,0,1
C105291,16,42.3,2,Two year,1,1,0
C105292,16,74.54,3,Month-to-month,0,1,1
C105293,35,96.76,5,Month-to-month,1,0,0
C105294,39,67.96,0,Month-to-month,0,0,0
C105295,55,82.15,1,Month-to-month,0,1,1
C105296,63,115.41,2,One year,0,1,0
C105297,40,104.62,0,One year,1,1,0
C105298,69,72.86,4,Month-to-month,1,0,0
C105299,63,84.0,0,Two year,1,0,0
C105300,50,67.4,1,One year,1,0,0
C105301,34,144.32,0,Month-to-month,0,0,0
C105302,36,46.52,0,Month-to-month,1,1,0
C105303,43,64.33,1,Two year,1,1,0
C105304,57,105.73,4,Month-to-month,1,0,1
C105305,58,79.76,1,Month-to-month,1,1,0
C105306,10,116.41,1,Two year,0,0,1
C105307,18,135.78,2,Two year,1,1,0
C105308,16,88.34,1,One year,1,1,0
C105309,46,70.05,1,Two year,1,1,0
C105310,10,40.12,2,Month-to-month,0,0,1
C105311,52,44.16,2,Month-to-month,1,1,0
C105312,13,20.0,1,One year,0,1,1
C105313,5,77.55,0,Two year,1,0,0
C105314,45,119.55,1,Month-to-month,1,0,1
C105315,1,52.48,1,Month-to-month,0,0,0
C105316,64,96.56,2,One year,0,0,0
C105317,59,93.54,1,One year,1,0,1
C105318,68,46.69,1,Month-to-month,0,0,0
C105319,56,102.77,1,Month-to-month,1,0,0
C105320,49,77.92,4,Two year,0,0,1
C105321,45,125.75,2,Two year,1,1,0
C105322,8,70.05,1,Two year,1,1,0
C105323,26,120.52,4,Two year,1,0,0
C105324,2,20.0,0,Month-to-month,1,0,0
C105325,41,85.68,1,Month-to-month,0,1,0
C105326,59,20.44,0,Two year,0,0,0
C105327,30,24.85,4,Two year,0,1,0
C105328,8,87.56,1,Month-to-month,1,0,0
C105329,37,34.63,1,Month-to-month,0,0,0
C105330,25,33.71,3,Month-to-month,1,0,0
C105331,14,60.84,1,One year,1,1,1
C105332,24,90.77,1,One year,0,1,1
C105333,23,91.29,0,Two year,1,0,0
C105334,60,85.15,3,Month-to-month,1,1,0
C105335,3,81.76,1,One year,1,1,1
C105336,33,46.99,3,One year,1,1,0
C105337,15,42.65,1,Month-to-month,0,1,0
C105338,64,108.08,0,Month-to-month,0,0,0
C105339,42,78.02,2,One year,1,0,0
C105340,64,93.15,1,Two year,0,1,1
C105341,10,69.54,1,Month-to-month,0,0,1
C105342,14,77.66,0,Two year,1,1,0
C105343,47,92.15,1,One year,0,0,0
C105344,6,79.87,1,Month-to-month,1,0,0
C105345,35,49.29,3,One year,0,1,0
C105346,44,62.26,3,One year,1,0,0
C105347,57,27.01,1,Month-to-month,1,1,1
C105348,6,91.07,1,Month-to-month,0,1,0
C105349,18,58.27,5,Two year,1,0,0
C105350,59,80.47,0,Month-to-month,1,0,0
C105351,64,54.93,2,Month-to-month,1,0,1
C105352,52,76.6,0,One year,0,1,0
C105353,37,122.3,3,Month-to-month,1,0,0
C105354,31,66.03,1,Month-to-month,0,1,0
C105355,1,82.99,2,Two year,0,0,0
C105356,62,103.57,4,Two year,0,0,0
C105357,26,101.22,1,One year,0,1,0
C105358,3,63.07,1,Two year,0,0,0
C105359,35,111.27,3,Month-to-month,1,0,0
C105360,27,101.46,2,One year,1,1,0
C105361,39,88.09,2,Month-to-month,1,1,0
C105362,36,20.0,1,One year,1,0,0
C105363,8,99.25,7,One year,1,0,1
C105364,47,89.69,2,Two year,0,0,0
C105365,5,111.45,2,Two year,1,1,0
C105366,30,103.98,0,Two year,0,1,0
C105367,33,91.91,2,Two year,0,1,0
C105368,50,43.68,2,One year,1,1,0
C105369,11,22.36,2,Two year,1,1,0
C105370,37,100.34,3,Month-to-month,0,0,0
C105371,16,102.26,1,One year,1,0,1
C105372,10,62.6,0,Two year,1,0,0
C105373,68,59.84,6,Month-to-month,1,0,1
C105374,27,57.81,1,Month-to-month,0,1,0
C105375,29,67.34,0,One year,0,1,0
C105376,71,64.53,0,Month-to-month,1,0,0
C105377,39,88.99,1,Month-to-month,1,0,0
C105378,54,67.15,0,Month-to-month,1,0,0
C105379,41,46.57,2,Two year,0,1,0
C105380,31,100.1,1,Month-to-month,0,1,0
C105381,38,81.48,3,Two year,1,1,0
C105382,4,108.72,3,Two year,1,1,1
C105383,71,87.02,3,Month-to-month,1,1,0
C105384,41,70.74,0,Month-to-month,1,0,0
C105385,34,54.52,4,Two year,0,0,0
C105386,31,125.75,3,Month-to-month,1,1,0
C105387,28,84.93,1,Month-to-month,0,1,0
C105388,52,72.77,2,Month-to-month,0,0,0
C105389,22,51.95,4,Two year,1,0,1
C105390,44,39.59,3,One year,1,0,0
C105391,52,66.13,5,One year,0,1,1
C105392,50,119.07,3,Month-to-month,1,0,0
C105393,28,105.21,1,Month-to-month,1,0,0
C105394,60,27.78,0,Month-to-month,0,0,0
C105395,59,54.72,3,Month-to-month,0,0,0
C105396,39,63.7,3,Month-to-month,0,0,1
C105397,15,73.58,0,One year,1,1,0
C105398,39,90.44,2,One year,1,0,0
C105399,2,40.58,1,Month-to-month,1,1,0
C105400,44,98.44,7,One year,1,0,1
C105401,57,68.67,1,One year,1,1,0
C105402,24,83.44,2,One year,1,1,1
C105403,1,87.58,2,Month-to-month,1,1,0
C105404,17,70.56,2,One year,1,0,0
C105405,57,83.47,3,Month-to-month,0,1,0
C105406,19,73.36,4,Two year,1,1,0
C105407,54,89.55,2,Month-to-month,0,0,0
C105408,33,87.03,0,Two year,1,0,0
C105409,53,97.07,0,Two year,1,1,0
C105410,70,118.28,2,One year,1,0,0
C105411,22,64.36,3,One year,1,0,0
C105412,51,90.37,2,One year,1,1,0
C105413,33,69.9,1,Month-to-month,1,0,1
C105414,22,82.33,1,One year,1,1,0
C105415,46,70.57,1,Month-to-month,1,1,0
C105416,29,78.99,2,One year,1,1,0
C105417,11,49.01,0,One year,1,1,0
C105418,10,58.79,1,One year,1,0,0
C105419,55,125.13,5,Month-to-month,0,0,0
C105420,48,141.97,1,One year,0,1,0
C105421,39,92.56,1,Month-to-month,1,1,0
C105422,36,58.28,4,Month-to-month,0,1,0
C105423,26,100.47,2,Month-to-month,1,1,1
C105424,23,129.53,4,Month-to-month,1,0,0
C105425,8,63.33,1,Month-to-month,1,1,0
C105426,39,74.21,2,Month-to-month,1,1,0
C105427,8,78.13,0,Month-to-month,0,1,0
C105428,52,91.56,1,Two year,0,0,1
C105429,16,74.52,1,Month-to-month,1,0,0
C105430,52,84.19,0,Month-to-month,0,0,0
C105431,72,85.98,2,Two year,0,1,0
C105432,7,31.85,1,Month-to-month,0,0,0
C105433,31,57.81,1,Two year,1,0,0
C105434,29,42.24,0,Month-to-month,0,0,0
C105435,42,86.98,0,One year,1,1,0
C105436,22,60.31,1,Month-to-month,1,1,1
C105437,45,57.56,5,Two year,1,0,0
C105438,39,60.2,1,Two year,1,0,0
C105439,45,67.5,6,Two year,0,0,0
C105440,5,82.86,5,Month-to-month,0,1,1
C105441,37,78.11,1,Month-to-month,0,1,0
C105442,28,93.01,1,Month-to-month,0,1,0
C105443,54,101.12,2,Two year,0,1,0
C105444,21,26.4,1,Two year,1,1,1
C105445,56,102.32,2,Two year,0,0,1
C105446,34,58.31,2,Month-to-month,1,0,0
C105447,48,67.3,0,One year,0,0,0
C105448,13,121.38,1,Month-to-month,1,1,0
C105449,15,65.92,1,Month-to-month,0,0,0
C105450,26,84.85,0,Month-to-month,1,0,0
C105451,51,64.4,2,Month-to-month,1,0,0
C105452,28,83.71,1,Month-to-month,0,0,0
C105453,44,116.97,1,Month-to-month,1,1,0
C105454,56,66.17,2,One year,1,1,0
C105455,15,67.67,1,Month-to-month,0,0,0
C105456,6,115.86,3,Two year,1,1,0
C105457,47,60.92,2,Month-to-month,1,1,0
C105458,35,103.33,2,One year,1,1,0
C105459,7,75.32,3,Month-to-month,0,1,0
C105460,41,73.75,4,Month-to-month,0,0,1
C105461,35,103.11,0,Two year,1,1,0
C105462,61,68.93,3,Month-to-month,0,1,0
C105463,34,98.23,1,Month-to-month,1,0,0
C105464,64,82.26,3,Two year,1,0,0
C105465,38,43.03,0,Month-to-month,1,0,0
C105466,31,87.04,3,Two year,0,0,0
C105467,58,79.12,2,Month-to-month,0,1,1
C105468,61,39.05,5,Month-to-month,1,0,0
C105469,23,60.13,1,Month-to-month,0,1,0
C105470,22,93.11,1,Month-to-month,0,0,1
C105471,38,77.36,0,Month-to-month,1,0,0
C105472,33,36.26,0,Month-to-month,1,1,0
C105473,43,127.39,1,Two year,1,1,0
C105474,52,94.52,1,Two year,1,1,1
C105475,31,35.13,1,Month-to-month,0,0,0
C105476,33,59.15,0,Month-to-month,0,0,0
C105477,72,104.7,2,Two year,0,0,0
C105478,64,98.3,1,Month-to-month,1,1,1
C105479,59,100.52,1,Month-to-month,0,0,0
C105480,19,20.0,5,Month-to-month,0,0,0
C105481,65,106.57,1,One year,0,1,0
C105482,36,95.8,1,Two year,1,1,0
C105483,8,130.69,5,One year,0,0,1
C105484,57,70.1,2,One year,0,1,0
C105485,29,80.41,1,Two year,1,0,0
C105486,65,122.94,1,Month-to-month,1,0,0
C105487,52,93.42,4,Two year,1,0,0
C105488,54,31.3,1,Two year,1,0,0
C105489,51,97.1,2,Month-to-month,0,1,0
C105490,72,54.73,4,Month-to-month,0,1,0
C105491,45,74.46,4,One year,1,0,0
C105492,25,92.15,3,Month-to-month,1,0,0
C105493,39,72.43,3,Month-to-month,0,1,1
C105494,2,76.19,1,Month-to-month,0,1,1
C105495,63,99.23,2,Two year,0,0,0
C105496,39,66.24,2,Month-to-month,1,1,0
C105497,63,105.65,0,One year,0,1,0
C105498,60,105.03,0,Month-to-month,0,0,0
C105499,50,101.8,1,Month-to-month,1,0,1
C105500,26,99.12,0,Month-to-month,0,0,0
C105501,47,125.07,2,Month-to-month,1,0,1
C105502,20,125.97,1,One year,0,1,0
C105503,39,60.88,0,Month-to-month,1,0,0
C105504,14,20.0,1,One year,0,0,0
C105505,12,67.68,0,One year,1,0,0
C105506,64,124.39,1,Month-to-month,1,0,0
C105507,4,75.9,0,One year,0,0,0
C105508,24,98.43,4,Two year,1,0,0
C105509,9,84.48,2,Month-to-month,0,0,0
C105510,14,64.26,1,Two year,0,1,0
C105511,52,108.54,0,Month-to-month,0,1,0
C105512,68,93.11,4,Month-to-month,1,1,0
C105513,9,97.82,2,Two year,1,0,0
C105514,10,134.84,3,Month-to-month,0,0,0
C105515,65,60.18,2,Month-to-month,1,1,0
C105516,4,83.71,3,Month-to-month,1,1,0
C105517,43,56.0,1,Month-to-month,0,1,0
C105518,9,82.66,2,Two year,1,1,1
C105519,48,54.58,0,Month-to-month,1,1,0
C105520,38,64.65,5,Month-to-month,0,0,0
C105521,23,89.1,0,Month-to-month,0,0,0
C105522,31,106.51,4,One year,0,1,0
C105523,23,84.81,1,One year,0,0,0
C105524,49,68.23,0,Month-to-month,1,1,0
C105525,58,85.6,1,Month-to-month,1,0,0
C105526,17,79.16,2,Month-to-month,0,1,0
C105527,70,51.56,5,Month-to-month,1,1,0
C105528,23,94.69,1,Month-to-month,0,1,1
C105529,28,78.72,1,Two year,0,1,0
C105530,21,60.89,2,Month-to-month,0,1,1
C105531,63,87.28,1,Month-to-month,0,1,0
C105532,44,26.68,2,Month-to-month,1,0,0
C105533,66,33.55,2,Month-to-month,0,0,0
C105534,67,92.88,2,Month-to-month,1,1,0
C105535,10,32.72,0,Month-to-month,0,1,0
C105536,55,143.34,1,Month-to-month,1,0,1
C105537,45,80.76,2,Two year,1,1,0
C105538,54,46.44,2,Month-to-month,1,0,0
C105539,26,61.99,2,One year,1,1,0
C105540,52,82.22,0,Two year,1,0,0
C105541,3,78.11,2,One year,1,0,0
C105542,59,41.4,2,One year,0,0,0
C105543,49,84.75,1,Month-to-month,0,1,0
C105544,60,29.32,0,Two year,0,0,0
C105545,54,114.03,2,Month-to-month,0,0,0
C105546,5,59.28,5,Month-to-month,1,1,0
C105547,44,66.41,1,Two year,1,0,0
C105548,27,102.74,3,Two year,1,1,0
C105549,37,93.39,5,Month-to-month,0,0,0
C105550,68,103.03,4,One year,1,0,0
C105551,68,98.86,0,One year,0,1,0
C105552,15,83.64,2,Month-to-month,0,0,0
C105553,12,45.2,1,Two year,1,0,1
C105554,50,34.01,0,Month-to-month,1,1,0
C105555,70,78.88,0,Month-to-month,1,0,0
C105556,9,73.84,1,Month-to-month,1,1,1
C105557,42,94.23,0,Two year,1,0,0
C105558,26,56.98,0,Month-to-month,1,1,0
C105559,66,52.18,2,Two year,1,0,0
C105560,47,73.7,3,Two year,0,1,0
C105561,65,66.46,2,Month-to-month,0,0,0
C105562,62,37.53,3,One year,0,0,0
C105563,5,78.24,5,Month-to-month,1,1,0
C105564,26,137.14,1,Two year,1,1,1
C105565,48,80.23,1,One year,1,0,0
C105566,61,107.14,1,Month-to-month,1,1,0
C105567,46,119.52,1,Month-to-month,1,1,0
C105568,9,80.96,2,Month-to-month,1,0,1
C105569,27,91.97,0,Month-to-month,1,0,0
C105570,57,64.74,1,Month-to-month,1,0,0
C105571,25,48.47,1,Month-to-month,1,0,0
C105572,9,58.64,0,One year,1,0,0
C105573,41,116.28,0,One year,0,1,0
C105574,3,67.93,2,One year,1,0,0
C105575,46,75.38,1,Month-to-month,0,0,0
C105576,32,57.74,2,Two year,1,1,0
C105577,12,81.8,3,Month-to-month,1,1,1
C105578,67,101.11,1,Two year,1,0,0
C105579,63,126.42,1,Two year,1,0,0
C105580,2,27.87,1,Two year,1,0,0
C105581,37,70.89,3,Two year,1,1,1
C105582,56,94.73,2,Month-to-month,0,1,0
C105583,27,99.2,0,Month-to-month,0,0,0
C105584,38,105.96,2,Month-to-month,1,0,1
C105585,60,64.45,3,Month-to-month,1,0,0
C105586,23,34.02,6,One year,0,0,0
C105587,63,114.58,3,One year,1,1,0
C105588,44,89.99,1,Month-to-month,0,1,0
C105589,5,80.24,3,One year,0,1,0
C105590,50,96.28,0,Month-to-month,1,1,0
C105591,35,77.94,0,Month-to-month,0,0,0
C105592,55,94.62,2,Month-to-month,1,0,0
C105593,51,25.0,4,Month-to-month,1,0,0
C105594,37,96.88,1,Month-to-month,0,0,0
C105595,24,101.89,1,Month-to-month,0,0,0
C105596,30,87.21,2,Two year,1,1,0
C105597,47,63.33,1,One year,0,0,0
C105598,37,76.33,3,One year,1,0,0
C105599,15,104.89,3,Month-to-month,1,1,0
C105600,57,95.4,2,Month-to-month,0,0,0
C105601,19,90.07,2,Two year,1,1,0
C105602,51,94.86,2,Month-to-month,0,1,0
C105603,46,92.9,0,Two year,1,0,0
C105604,2,63.58,2,Month-to-month,0,0,1
C105605,26,76.96,0,Month-to-month,1,0,0
C105606,63,106.36,3,Two year,0,0,1
C105607,46,79.16,1,Two year,1,1,1
C105608,18,49.19,2,Month-to-month,1,0,1
C105609,26,57.35,2,Month-to-month,1,1,0
C105610,53,57.0,3,One year,1,1,0
C105611,17,47.44,4,Two year,0,1,0
C105612,11,54.3,3,Two year,0,0,0
C105613,7,125.91,1,Month-to-month,0,0,1
C105614,42,74.19,0,Month-to-month,0,1,0
C105615,69,119.99,1,Month-to-month,1,1,0
C105616,4,106.0,2,Two year,1,1,1
C105617,65,47.73,1,Month-to-month,0,0,0
C105618,10,66.68,4,One year,1,0,0
C105619,52,54.95,1,Month-to-month,0,0,0
C105620,67,93.72,2,Month-to-month,0,0,0
C105621,31,80.77,5,Month-to-month,0,0,0
C105622,52,38.35,2,Two year,1,1,0
C105623,42,70.48,1,Month-to-month,0,1,1
C105624,53,79.89,2,One year,0,0,0
C105625,32,85.59,0,Month-to-month,0,0,1
C105626,46,50.23,2,Month-to-month,1,1,0
C105627,67,63.57,1,Month-to-month,1,0,0
C105628,10,80.4,4,Month-to-month,1,0,1
C105629,25,81.49,2,Month-to-month,0,0,0
C105630,41,52.71,0,One year,1,1,0
C105631,38,75.27,3,Two year,1,1,0
C105632,30,67.09,3,Two year,1,1,0
C105633,31,98.14,3,Month-to-month,1,0,0
C105634,45,70.42,5,Two year,1,0,0
C105635,52,92.11,1,Two year,1,0,0
C105636,51,99.42,0,Two year,1,0,0
C105637,22,94.64,2,One year,1,0,1
C105638,23,100.75,1,One year,0,0,0
C105639,62,71.72,1,Month-to-month,0,0,1
C105640,13,46.51,2,One year,0,1,0
C105641,17,46.71,3,Month-to-month,1,0,0
C105642,20,90.62,1,Month-to-month,0,0,0
C105643,53,129.67,4,One year,1,0,0
C105644,14,61.09,4,Month-to-month,0,0,0
C105645,39,113.77,2,Month-to-month,0,0,0
C105646,45,42.0,2,Month-to-month,0,1,0
C105647,35,80.45,0,One year,0,0,0
C105648,13,37.7,2,Two year,0,0,0
C105649,53,59.22,1,Two year,1,0,0
C105650,13,49.16,0,Month-to-month,0,0,0
C105651,67,105.53,1,Month-to-month,1,1,0
C105652,34,126.75,2,Month-to-month,0,1,0
C105653,34,32.42,2,One year,1,1,0
C105654,59,55.2,1,Month-to-month,1,0,0
C105655,19,137.58,3,One year,0,1,0
C105656,7,123.87,4,One year,1,0,1
C105657,16,92.39,0,Month-to-month,1,1,0
C105658,43,70.02,2,Month-to-month,1,1,0
C105659,3,52.71,0,Month-to-month,1,1,0
C105660,39,65.96,2,Month-to-month,1,1,0
C105661,14,60.34,2,Two year,1,0,0
C105662,46,103.5,3,One year,0,0,1
C105663,61,70.15,2,One year,0,0,0
C105664,39,82.32,4,Month-to-month,1,0,1
C105665,24,144.84,2,Month-to-month,0,1,0
C105666,65,76.0,2,Month-to-month,1,1,0
C105667,55,75.91,4,Month-to-month,1,0,0
C105668,19,108.44,1,Two year,0,0,1
C105669,43,98.46,5,Month-to-month,1,1,1
C105670,59,89.23,0,Month-to-month,1,1,0
C105671,55,32.4,3,Month-to-month,0,0,0
C105672,50,132.67,0,Month-to-month,0,1,1
C105673,24,97.5,2,One year,0,1,0
C105674,53,97.07,3,Two year,1,1,0
C105675,65,111.65,1,Month-to-month,0,0,0
C105676,8,107.02,0,Month-to-month,0,0,0
C105677,21,73.04,1,Month-to-month,0,0,1
C105678,12,129.81,2,Month-to-month,1,0,0
C105679,22,62.68,2,One year,1,0,0
C105680,14,25.3,1,Month-to-month,0,0,0
C105681,56,70.63,2,Two year,0,0,0
C105682,54,44.14,2,Two year,0,0,0
C105683,17,86.64,4,Month-to-month,1,1,0
C105684,61,58.98,0,Month-to-month,0,0,0
C105685,56,83.25,1,Month-to-month,1,1,0
C105686,17,70.09,1,One year,1,0,1
C105687,46,85.04,1,One year,0,0,0
C105688,32,57.2,1,One year,1,1,0
C105689,52,63.11,1,Month-to-month,1,1,0
C105690,57,35.84,3,Month-to-month,0,1,0
C105691,40,86.69,2,Two year,1,0,1
C105692,58,98.85,0,One year,1,0,0
C105693,44,95.75,0,Two year,1,1,0
C105694,4,60.01,2,Month-to-month,0,1,0
C105695,38,86.99,1,Month-to-month,1,1,0
C105696,22,61.44,1,Month-to-month,1,1,0
C105697,36,64.88,1,One year,1,0,0
C105698,13,24.47,1,One year,1,0,1
C105699,6,84.45,2,Month-to-month,1,0,0
C105700,64,80.13,0,One year,1,0,0
C105701,5,87.46,1,Month-to-month,1,0,0
C105702,9,137.55,0,One year,1,1,0
C105703,1,46.78,1,Month-to-month,1,1,1
C105704,45,111.36,2,One year,1,0,0
C105705,29,90.78,2,Month-to-month,1,1,1
C105706,49,62.73,1,Month-to-month,0,1,0
C105707,66,101.21,0,One year,0,1,0
C105708,53,78.88,3,Month-to-month,1,0,0
C105709,55,86.8,1,Month-to-month,1,1,0
C105710,41,57.63,2,One year,0,1,0
C105711,1,70.26,0,Month-to-month,1,1,0
C105712,30,46.82,2,Month-to-month,0,0,1
C105713,7,97.83,1,Two year,0,1,0
C105714,59,127.97,0,One year,0,0,1
C105715,36,63.64,2,Month-to-month,0,0,1
C105716,38,87.56,0,One year,1,0,0
C105717,10,63.26,4,Two year,0,0,0
C105718,43,33.63,0,One year,0,1,0
C105719,39,70.22,0,Two year,1,1,0
C105720,33,77.13,1,Two year,1,0,0
C105721,2,104.85,2,Month-to-month,1,1,1
C105722,63,97.62,1,One year,1,0,0
C105723,56,85.22,0,Month-to-month,1,1,0
C105724,14,91.01,1,Two year,1,0,0
C105725,52,32.84,5,Two year,1,1,0
C105726,68,155.19,1,Month-to-month,1,1,0
C105727,72,32.0,0,One year,0,0,0
C105728,70,117.03,1,One year,1,0,0
C105729,32,50.75,5,One year,0,1,0
C105730,22,78.98,2,Month-to-month,1,1,0
C105731,2,111.96,2,Month-to-month,0,0,1
C105732,10,122.63,1,One year,1,0,0
C105733,49,76.66,0,Two year,0,0,0
C105734,46,61.42,0,Two year,0,1,0
C105735,52,51.27,3,Month-to-month,1,0,0
C105736,26,66.21,1,One year,0,1,0
C105737,48,59.21,5,Month-to-month,1,0,0
C105738,51,117.65,3,One year,0,1,1
C105739,54,52.55,0,Month-to-month,1,1,0
C105740,22,41.64,1,Two year,1,0,0
C105741,71,61.16,3,Two year,1,1,0
C105742,28,125.89,0,Month-to-month,1,1,0
C105743,10,58.0,1,Two year,1,1,0
C105744,70,93.09,0,Month-to-month,1,1,0
C105745,17,98.13,0,Month-to-month,1,1,0
C105746,62,47.73,4,Two year,0,0,1
C105747,47,79.29,1,Two year,0,0,0
C105748,17,80.32,1,Two year,0,1,0
C105749,13,92.59,6,One year,0,1,1
C105750,17,100.37,1,Month-to-month,1,0,0
C105751,18,61.28,4,One year,1,0,0
C105752,39,69.21,2,Month-to-month,1,0,0
C105753,29,76.4,1,One year,1,0,0
C105754,33,147.12,4,Month-to-month,0,1,0
C105755,35,42.6,3,Two year,1,0,0
C105756,7,73.91,1,Month-to-month,1,1,0
C105757,5,82.77,2,Two year,0,0,0
C105758,62,55.0,2,One year,1,1,0
C105759,55,96.68,3,Month-to-month,1,1,0
C105760,48,54.91,3,Two year,1,0,1
C105761,66,76.46,1,Month-to-month,1,1,0
C105762,6,47.95,3,Month-to-month,1,1,0
C105763,17,45.65,2,Month-to-month,1,1,0
C105764,60,67.63,2,Two year,1,0,0
C105765,46,65.28,4,Two year,1,0,0
C105766,71,80.23,2,Month-to-month,1,0,0
C105767,65,84.41,2,One year,1,0,0
C105768,47,119.29,3,One year,1,0,0
C105769,18,59.82,3,Month-to-month,1,1,0
C105770,8,24.21,2,One year,0,0,0
C105771,44,38.52,5,Month-to-month,1,1,0
C105772,10,65.51,1,One year,1,1,1
C105773,17,46.13,0,Month-to-month,0,1,1
C105774,67,87.35,1,One year,1,1,0
C105775,3,27.59,3,One year,1,1,0
C105776,39,46.61,1,Month-to-month,1,1,0
C105777,72,46.89,2,Two year,1,1,0
C105778,38,58.47,2,Month-to-month,1,0,0
C105779,57,57.13,1,Month-to-month,1,1,0
C105780,54,76.16,1,Month-to-month,0,1,0
C105781,56,84.15,3,Month-to-month,0,0,0
C105782,33,73.95,1,Month-to-month,1,0,0
C105783,12,76.41,0,Two year,0,0,0
C105784,41,74.07,2,Month-to-month,1,1,0
C105785,29,42.33,4,Month-to-month,0,1,0
C105786,62,90.05,0,Two year,1,0,0
C105787,54,66.28,3,Month-to-month,1,1,0
C105788,6,20.0,3,Two year,1,1,1
C105789,24,57.68,0,Month-to-month,1,1,0
C105790,11,47.92,2,Month-to-month,1,1,0
C105791,17,76.84,5,Month-to-month,1,0,1
C105792,44,90.21,1,Month-to-month,0,1,0
C105793,13,51.88,5,Month-to-month,0,0,0
C105794,40,74.67,2,Month-to-month,0,1,0
C105795,24,103.4,1,Month-to-month,0,1,0
C105796,6,58.21,1,Month-to-month,1,1,0
C105797,17,82.03,0,Month-to-month,1,1,0
C105798,16,75.92,1,Two year,0,1,0
C105799,36,78.94,0,One year,0,1,0
C105800,29,85.59,3,Month-to-month,1,0,1
C105801,52,88.44,4,Month-to-month,1,1,0
C105802,44,74.72,1,Two year,1,1,0
C105803,60,50.24,3,Month-to-month,1,1,0
C105804,62,76.59,6,Month-to-month,0,1,0
C105805,26,81.35,0,Month-to-month,1,1,1
C105806,25,57.42,4,Month-to-month,1,1,0
C105807,42,69.2,0,One year,1,1,1
C105808,30,76.38,1,Month-to-month,1,1,1
C105809,33,97.23,1,Month-to-month,0,1,1
C105810,23,138.2,1,Month-to-month,1,0,0
C105811,43,79.08,2,One year,0,1,0
C105812,19,91.87,0,Month-to-month,1,0,0
C105813,35,93.46,5,Two year,0,0,0
C105814,15,83.54,0,One year,1,1,0
C105815,6,41.06,0,One year,0,0,0
C105816,7,47.66,2,Month-to-month,0,1,0
C105817,4,67.94,0,Two year,0,0,0
C105818,17,52.68,7,Month-to-month,1,1,0
C105819,6,56.33,1,One year,0,1,0
C105820,1,43.59,4,Two year,1,0,0
C105821,29,94.13,4,Month-to-month,1,0,1
C105822,22,24.75,2,Month-to-month,0,0,0
C105823,28,96.86,1,Month-to-month,1,1,1
C105824,4,111.27,1,One year,0,0,0
C105825,69,96.97,3,Month-to-month,1,0,0
C105826,53,52.44,1,One year,1,1,0
C105827,1,86.36,3,Month-to-month,0,0,1
C105828,14,89.26,1,One year,1,1,0
C105829,4,38.38,4,Month-to-month,0,1,0
C105830,32,106.94,4,Month-to-month,1,1,1
C105831,43,78.46,1,Two year,1,0,0
C105832,54,104.16,4,Month-to-month,0,1,0
C105833,67,37.97,1,Month-to-month,1,0,0
C105834,38,102.24,1,Month-to-month,1,0,0
C105835,26,100.35,2,Month-to-month,1,1,0
C105836,33,140.72,3,One year,1,1,0
C105837,41,58.31,3,Month-to-month,0,1,1
C105838,69,20.0,0,Month-to-month,1,0,0
C105839,51,98.2,0,One year,0,0,0
C105840,5,53.31,1,One year,1,0,0
C105841,50,101.92,4,Month-to-month,0,0,1
C105842,7,48.47,0,Two year,1,1,0
C105843,40,96.25,3,One year,1,0,0
C105844,48,66.72,3,Month-to-month,1,1,0
C105845,64,95.88,2,Month-to-month,1,0,0
C105846,48,87.63,1,One year,1,1,0
C105847,68,96.29,1,Month-to-month,1,0,0
C105848,37,98.4,0,Month-to-month,1,1,0
C105849,59,90.96,1,One year,1,1,0
C105850,22,48.04,1,One year,0,1,0
C105851,69,114.13,1,Month-to-month,1,0,1
C105852,63,78.11,1,Month-to-month,1,1,0
C105853,26,91.29,1,Two year,1,1,0
C105854,54,69.3,1,Month-to-month,1,1,0
C105855,38,100.6,2,Month-to-month,0,1,0
C105856,54,84.18,1,Month-to-month,0,1,0
C105857,49,90.68,1,One year,0,0,0
C105858,9,55.53,1,One year,1,0,0
C105859,15,102.33,0,One year,1,0,0
C105860,60,84.78,0,Month-to-month,1,1,0
C105861,5,36.54,2,Month-to-month,0,0,0
C105862,9,59.31,3,Month-to-month,1,1,1
C105863,13,87.55,2,Month-to-month,1,0,1
C105864,30,98.8,2,Month-to-month,0,1,1
C105865,11,98.11,1,One year,0,1,0
C105866,39,51.43,1,Month-to-month,1,1,0
C105867,49,81.4,2,Month-to-month,0,0,0
C105868,27,53.48,2,Month-to-month,0,0,1
C105869,43,71.75,0,Month-to-month,1,1,0
C105870,69,57.83,1,One year,0,0,0
C105871,72,88.61,1,Two year,1,0,0
C105872,57,106.53,1,One year,1,1,0
C105873,50,119.66,4,One year,0,0,0
C105874,64,84.44,1,Month-to-month,1,0,0
C105875,26,66.06,4,Month-to-month,0,0,0
C105876,40,32.81,2,Month-to-month,0,1,0
C105877,64,93.08,3,Month-to-month,1,0,1
C105878,26,108.11,1,Two year,0,1,0
C105879,54,114.41,0,Month-to-month,0,0,0
C105880,29,66.65,1,Month-to-month,0,0,0
C105881,11,75.05,0,Month-to-month,1,0,0
C105882,34,87.58,4,Month-to-month,1,1,0
C105883,27,79.61,3,Month-to-month,1,1,1
C105884,43,48.61,1,Month-to-month,0,1,1
C105885,54,43.76,3,Month-to-month,1,0,1
C105886,36,103.61,1,One year,1,1,0
C105887,70,112.56,2,One year,0,1,0
C105888,14,62.39,1,Month-to-month,1,0,0
C105889,17,103.58,3,Month-to-month,1,1,0
C105890,65,89.99,1,One year,1,1,0
C105891,72,73.55,2,Two year,0,1,0
C105892,60,82.51,4,Month-to-month,1,0,0
C105893,21,107.59,1,Month-to-month,0,0,1
C105894,61,63.07,1,Month-to-month,0,1,0
C105895,42,73.64,2,Month-to-month,1,0,0
C105896,61,56.27,4,One year,1,0,0
C105897,28,37.4,1,One year,1,1,0
C105898,24,101.46,3,Month-to-month,1,0,0
C105899,49,49.02,1,One year,0,0,0
C105900,34,84.6,0,Month-to-month,0,0,1
C105901,32,95.54,2,Month-to-month,0,1,0
C105902,66,71.79,2,Month-to-month,0,0,1
C105903,19,92.03,0,Month-to-month,0,1,0
C105904,18,62.92,2,Month-to-month,1,0,0
C105905,16,124.37,2,Two year,0,0,0
C105906,47,60.63,3,Month-to-month,0,0,0
C105907,21,140.73,3,Two year,1,1,1
C105908,7,46.97,1,Month-to-month,0,0,1
C105909,68,54.28,0,Month-to-month,1,1,0
C105910,34,64.32,1,Two year,0,1,0
C105911,28,97.71,2,Two year,1,0,0
C105912,45,66.13,2,One year,1,0,0
C105913,62,128.49,1,Month-to-month,0,0,1
C105914,47,75.82,1,Month-to-month,0,1,0
C105915,26,94.71,5,Month-to-month,1,0,0
C105916,68,74.68,3,One year,0,0,0
C105917,52,57.78,4,One year,1,1,0
C105918,68,54.32,3,Two year,0,1,0
C105919,18,89.1,1,Month-to-month,1,1,0
C105920,72,80.99,2,Month-to-month,1,0,0
C105921,30,20.0,4,One year,1,0,0
C105922,29,94.48,0,Month-to-month,1,0,1
C105923,51,73.55,1,Month-to-month,1,0,1
C105924,20,109.16,3,One year,1,1,0
C105925,42,70.01,0,Month-to-month,0,0,0
C105926,63,83.74,1,Month-to-month,0,0,0
C105927,40,81.88,0,Month-to-month,1,1,0
C105928,20,58.45,2,Month-to-month,0,0,0
C105929,46,80.71,3,Month-to-month,0,0,0
C105930,33,79.85,1,Month-to-month,1,1,0
C105931,36,108.14,0,One year,1,1,0
C105932,69,60.95,1,Month-to-month,1,1,1
C105933,48,55.03,2,Month-to-month,0,1,0
C105934,34,108.47,1,Two year,1,1,0
C105935,18,112.83,2,Month-to-month,0,0,1
C105936,45,52.83,2,Month-to-month,0,1,0
C105937,39,69.22,1,Month-to-month,1,0,0
C105938,19,97.71,4,Two year,0,0,0
C105939,57,38.16,3,Month-to-month,1,0,0
C105940,60,64.05,2,One year,0,1,1
C105941,21,72.91,3,One year,0,0,0
C105942,69,76.49,0,Two year,1,0,0
C105943,62,82.6,4,Month-to-month,0,0,1
C105944,71,55.66,2,Month-to-month,0,0,0
C105945,1,101.91,1,Month-to-month,1,1,0
C105946,14,73.26,1,One year,0,0,0
C105947,35,59.76,2,Month-to-month,0,1,0
C105948,46,95.61,1,One year,1,1,0
C105949,46,100.71,1,Month-to-month,0,0,0
C105950,39,85.99,2,Month-to-month,0,0,0
C105951,25,117.12,1,One year,0,0,0
C105952,50,47.06,3,One year,0,1,0
C105953,26,90.95,3,Month-to-month,1,1,0
C105954,63,57.59,3,Month-to-month,1,1,0
C105955,6,113.65,1,One year,1,0,0
C105956,3,90.14,2,One year,0,1,1
C105957,34,105.16,0,Two year,1,1,0
C105958,71,115.1,3,Month-to-month,1,1,0
C105959,66,94.53,2,Month-to-month,0,1,0
C105960,13,69.26,1,One year,0,1,0
C105961,42,44.98,0,One year,1,1,0
C105962,20,72.11,1,Month-to-month,1,1,0
C105963,61,67.48,3,Two year,0,1,1
C105964,67,72.81,1,One year,0,0,0
C105965,60,97.75,0,One year,0,0,0
C105966,31,69.28,2,Month-to-month,1,0,0
C105967,56,107.21,0,Month-to-month,1,0,0
C105968,67,79.08,0,Month-to-month,1,0,0
C105969,47,58.23,3,One year,1,1,0
C105970,29,93.76,1,Month-to-month,1,0,0
C105971,5,64.35,2,Month-to-month,0,1,0
C105972,7,92.26,1,One year,0,0,0
C105973,54,71.02,2,Month-to-month,1,1,0
C105974,70,50.37,0,Month-to-month,1,0,0
C105975,62,103.31,4,Month-to-month,0,0,1
C105976,38,39.36,0,Month-to-month,0,0,0
C105977,30,100.16,6,Two year,0,0,0
C105978,47,104.83,2,Two year,1,0,0
C105979,54,97.01,0,Month-to-month,1,0,0
C105980,49,109.9,3,Two year,1,1,0
C105981,19,82.37,2,Month-to-month,0,1,0
C105982,49,124.88,4,Two year,1,1,0
C105983,23,81.93,2,Two year,1,0,0
C105984,64,52.09,0,Two year,1,0,0
C105985,15,77.35,2,One year,1,0,0
C105986,40,60.25,2,One year,1,1,0
C105987,1,103.26,0,Month-to-month,1,0,0
C105988,55,86.63,0,Month-to-month,0,0,0
C105989,43,68.59,2,Two year,0,1,0
C105990,59,110.85,2,Month-to-month,1,0,0
C105991,62,83.59,1,Month-to-month,0,0,0
C105992,34,97.51,2,Two year,0,0,0
C105993,26,64.09,1,Month-to-month,1,1,0
C105994,10,117.41,2,Month-to-month,1,0,0
C105995,37,22.31,1,One year,1,1,0
C105996,12,88.14,3,One year,1,1,0
C105997,48,105.91,1,One year,1,1,1
C105998,60,78.2,4,Month-to-month,1,1,0
C105999,28,73.23,3,Month-to-month,1,1,0
